request_id,amount_safe_to_pay,affordability_status,recommended_payment_method,payment_plan,earliest_date_for_full_payment,spending_changes_needed,decision_explanation
request_26,15656000.0,affordable_now,full_payment,2025-08-03:15656000,2025-08-03,none,"Request 15,656,000.00 IDR; spendable balance after pending-debit reserve is 100,845,250.00 IDR. Conservative safe amount on request date is 15,656,000.00 IDR while keeping the required minimum of 24,768,300.00 IDR. Full payment is safe now and the forecast stays above the minimum balance. Priorities retained: retirement_investment, emergency_savings."
request_27,6670.0,affordable_now,full_payment,2026-07-05:6670,2026-07-05,none,"Request 6,670.00 ZAR; spendable balance after pending-debit reserve is 93,141.80 ZAR. Conservative safe amount on request date is 6,670.00 ZAR while keeping the required minimum of 20,500.00 ZAR. Full payment is safe now and the forecast stays above the minimum balance. Priorities retained: education, emergency_savings."
request_28,190.13999999999987,affordable_later,wait,2024-10-20:1302.4,2024-10-20,none,"Request 1,302.40 EUR; spendable balance after pending-debit reserve is 1,789.40 EUR. Conservative safe amount on request date is 190.14 EUR while keeping the required minimum of 1,100.00 EUR. One full payment becomes safe on 2024-10-20. Priorities retained: emergency_savings, housing."
request_29,51524.0,affordable_now,full_payment,2025-11-04:51524,2025-11-04,none,"Request 51,524.00 ZAR; spendable balance after pending-debit reserve is 113,540.10 ZAR. Conservative safe amount on request date is 51,524.00 ZAR while keeping the required minimum of 28,300.00 ZAR. Full payment is safe now and the forecast stays above the minimum balance. Priorities retained: education, family_support."
request_30,775.2,affordable_now,full_payment,2026-04-06:775.2,2026-04-06,none,"Request 775.20 USD; spendable balance after pending-debit reserve is 3,752.72 USD. Conservative safe amount on request date is 775.20 USD while keeping the required minimum of 900.00 USD. Full payment is safe now and the forecast stays above the minimum balance. Priorities retained: retirement_investment, emergency_savings."
request_31,2732930.0600000024,affordable_with_plan,full_payment,2024-10-15:18164000,2024-10-15,reduce_to:event_2830:323950,"Request 18,164,000.00 IDR; spendable balance after pending-debit reserve is 30,429,260.00 IDR. Conservative safe amount on request date is 2,732,930.06 IDR while keeping the required minimum of 16,588,900.00 IDR. Full payment is made safe by permitted changes to flexible recurring spending. Spending changes: reduce_to:event_2830:323950. Priorities retained: education, emergency_savings."
request_32,0.0,not_affordable,not_recommended,none,,none,"Request 40,018.00 ZAR; spendable balance after pending-debit reserve is 69,005.80 ZAR. Conservative safe amount on request date is 0.00 ZAR while keeping the required minimum of 35,700.00 ZAR. No safe completion plan using the permitted payment methods is available. Priorities retained: education, debt_repayment."
request_33,34513.45000000001,affordable_with_plan,full_payment,2026-02-15:118000,2026-02-15,stop:event_2966,"Request 118,000.00 INR; spendable balance after pending-debit reserve is 167,280.00 INR. Conservative safe amount on request date is 34,513.45 INR while keeping the required minimum of 102,100.00 INR. Full payment is made safe by permitted changes to flexible recurring spending. Spending changes: stop:event_2966. Priorities retained: emergency_savings, travel."
request_34,129400.0,affordable_now,full_payment,2024-12-04:129400,2024-12-04,none,"Request 129,400.00 INR; spendable balance after pending-debit reserve is 559,752.50 INR. Conservative safe amount on request date is 129,400.00 INR while keeping the required minimum of 138,500.00 INR. Full payment is safe now and the forecast stays above the minimum balance. Priorities retained: retirement_investment, emergency_savings."
request_35,22828.789999999964,affordable_later,wait,2026-03-15:212000,2026-03-15,none,"Request 212,000.00 INR; spendable balance after pending-debit reserve is 231,530.00 INR. Conservative safe amount on request date is 22,828.79 INR while keeping the required minimum of 106,400.00 INR. One full payment becomes safe on 2026-03-15. Priorities retained: education, debt_repayment."
request_36,732.5900000000001,affordable_with_plan,full_payment,2026-09-15:3954,2026-09-15,reduce_to:event_3261:36,"Request 3,954.00 USD; spendable balance after pending-debit reserve is 3,846.60 USD. Conservative safe amount on request date is 732.59 USD while keeping the required minimum of 2,400.00 USD. Full payment is made safe by permitted changes to flexible recurring spending. Spending changes: reduce_to:event_3261:36. Priorities retained: healthcare, retirement_investment."
request_37,2863643.5700000003,affordable_later,wait,2025-02-20:14649000,2025-02-20,none,"Request 14,649,000.00 IDR; spendable balance after pending-debit reserve is 29,125,000.00 IDR. Conservative safe amount on request date is 2,863,643.57 IDR while keeping the required minimum of 17,056,200.00 IDR. One full payment becomes safe on 2025-02-20. Priorities retained: emergency_savings, housing."
request_38,204.3599999999999,affordable_with_plan,full_payment,2025-09-15:971.3,2025-09-15,stop:event_3448,"Request 971.30 EUR; spendable balance after pending-debit reserve is 779.40 EUR. Conservative safe amount on request date is 204.36 EUR while keeping the required minimum of 400.00 EUR. Full payment is made safe by permitted changes to flexible recurring spending. Spending changes: stop:event_3448. Priorities retained: education, family_support."
request_39,74651.555,affordable_with_plan,full_payment,2026-05-15:208600,2026-05-15,reduce_to:event_3529:2790,"Request 208,600.00 INR; spendable balance after pending-debit reserve is 416,505.00 INR. Conservative safe amount on request date is 74,651.55 INR while keeping the required minimum of 213,400.00 INR. Full payment is made safe by permitted changes to flexible recurring spending. Spending changes: reduce_to:event_3529:2790. Priorities retained: emergency_savings, travel."
request_40,0.0,not_affordable,not_recommended,none,,none,"Request 1,290.30 EUR; spendable balance after pending-debit reserve is 2,351.00 EUR. Conservative safe amount on request date is 0.00 EUR while keeping the required minimum of 1,500.00 EUR. No safe completion plan using the permitted payment methods is available. Priorities retained: education, debt_repayment."
request_41,11597655.07,affordable_with_plan,full_payment,2025-12-15:38760000,2025-12-15,reduce_to:event_3750:370880,"Request 38,760,000.00 IDR; spendable balance after pending-debit reserve is 47,255,550.00 IDR. Conservative safe amount on request date is 11,597,655.07 IDR while keeping the required minimum of 25,366,600.00 IDR. Full payment is made safe by permitted changes to flexible recurring spending. Spending changes: reduce_to:event_3750:370880. Priorities retained: emergency_savings, travel."
request_42,52100.0,affordable_now,full_payment,2026-01-05:52100,2026-01-05,none,"Request 52,100.00 INR; spendable balance after pending-debit reserve is 253,665.00 INR. Conservative safe amount on request date is 52,100.00 INR while keeping the required minimum of 113,100.00 INR. Full payment is safe now and the forecast stays above the minimum balance. Priorities retained: emergency_savings, travel."
request_43,8342128.420000002,affordable_with_plan,full_payment,2024-11-15:43339000,2024-11-15,stop:event_3982,"Request 43,339,000.00 IDR; spendable balance after pending-debit reserve is 35,386,750.00 IDR. Conservative safe amount on request date is 8,342,128.42 IDR while keeping the required minimum of 21,398,000.00 IDR. Full payment is made safe by permitted changes to flexible recurring spending. Spending changes: stop:event_3982. Priorities retained: debt_repayment, emergency_savings."
request_44,0.0,not_affordable,not_recommended,none,,none,"Request 95,800.00 INR; spendable balance after pending-debit reserve is 162,290.00 INR. Conservative safe amount on request date is 0.00 INR while keeping the required minimum of 82,900.00 INR. No safe completion plan using the permitted payment methods is available. Priorities retained: education, debt_repayment."
request_45,4014849.9299999997,affordable_with_plan,full_payment,2026-09-15:21983000,2026-09-15,stop:event_4144,"Request 21,983,000.00 IDR; spendable balance after pending-debit reserve is 19,982,900.00 IDR. Conservative safe amount on request date is 4,014,849.93 IDR while keeping the required minimum of 11,149,800.00 IDR. Full payment is made safe by permitted changes to flexible recurring spending. Spending changes: stop:event_4144. Priorities retained: healthcare, retirement_investment."
request_46,35126.66499999999,affordable_with_plan,partial_payment,2024-12-03:35126.66|2024-12-15:14323.34,2024-12-15,none,"Request 49,450.00 INR; spendable balance after pending-debit reserve is 202,335.00 INR. Conservative safe amount on request date is 35,126.66 INR while keeping the required minimum of 84,000.00 INR. A two-payment schedule is feasible within the requested deadline. Priorities retained: emergency_savings, housing."
request_47,38114000.0,affordable_now,full_payment,2025-05-05:38114000,2025-05-05,none,"Request 38,114,000.00 IDR; spendable balance after pending-debit reserve is 112,924,150.00 IDR. Conservative safe amount on request date is 38,114,000.00 IDR while keeping the required minimum of 30,049,000.00 IDR. Full payment is safe now and the forecast stays above the minimum balance. Priorities retained: education, emergency_savings."
request_48,45700.0,affordable_now,full_payment,2026-07-25:45700,2026-07-25,none,"Request 45,700.00 INR; spendable balance after pending-debit reserve is 188,065.00 INR. Conservative safe amount on request date is 45,700.00 INR while keeping the required minimum of 71,300.00 INR. Full payment is safe now and the forecast stays above the minimum balance. Priorities retained: emergency_savings, travel."
request_49,12751170.060000002,affordable_with_plan,installments,2024-03-18:11902106.67|2024-04-18:11902106.67|2024-05-19:11902106.67,2024-04-15,none,"Request 34,333,000.00 IDR; spendable balance after pending-debit reserve is 40,504,493.34 IDR. Conservative safe amount on request date is 12,751,170.06 IDR while keeping the required minimum of 20,275,700.00 IDR. An allowed installment option completes by 2024-05-19; total payable is 35,706,320.01 IDR. Priorities retained: education, emergency_savings."
request_50,43900.0,affordable_now,full_payment,2025-08-06:43900,2025-08-06,none,"Request 43,900.00 INR; spendable balance after pending-debit reserve is 247,325.50 INR. Conservative safe amount on request date is 43,900.00 INR while keeping the required minimum of 99,700.00 INR. Full payment is safe now and the forecast stays above the minimum balance. Priorities retained: healthcare, family_support."
request_51,2191000.0,affordable_now,full_payment,2026-01-03:2191000,2026-01-03,none,"Request 2,191,000.00 IDR; spendable balance after pending-debit reserve is 35,347,700.00 IDR. Conservative safe amount on request date is 2,191,000.00 IDR while keeping the required minimum of 7,811,000.00 IDR. Full payment is safe now and the forecast stays above the minimum balance. Priorities retained: education, emergency_savings."
request_52,19388.709999999992,affordable_with_plan,full_payment,2024-06-15:28870,2024-06-15,stop:event_4858,"Request 28,870.00 INR; spendable balance after pending-debit reserve is 75,320.00 INR. Conservative safe amount on request date is 19,388.71 INR while keeping the required minimum of 41,500.00 INR. Full payment is made safe by permitted changes to flexible recurring spending. Spending changes: stop:event_4858. Priorities retained: debt_repayment, emergency_savings."
request_53,465.17999999999984,affordable_with_plan,full_payment,2026-01-15:1699.2,2026-01-15,stop:event_4925,"Request 1,699.20 USD; spendable balance after pending-debit reserve is 3,523.42 USD. Conservative safe amount on request date is 465.18 USD while keeping the required minimum of 2,100.00 USD. Full payment is made safe by permitted changes to flexible recurring spending. Spending changes: stop:event_4925. Priorities retained: education, debt_repayment."
request_54,3643.510000000002,affordable_later,wait,2027-02-15:121528,2027-02-15,none,"Request 121,528.00 ZAR; spendable balance after pending-debit reserve is 53,581.40 ZAR. Conservative safe amount on request date is 3,643.51 ZAR while keeping the required minimum of 37,000.00 ZAR. One full payment becomes safe on 2027-02-15. Priorities retained: healthcare, retirement_investment."
request_55,128967.10999999999,affordable_with_plan,full_payment,2026-07-15:218600,2026-07-15,stop:event_5102,"Request 218,600.00 INR; spendable balance after pending-debit reserve is 314,341.19 INR. Conservative safe amount on request date is 128,967.11 INR while keeping the required minimum of 124,300.00 INR. Full payment is made safe by permitted changes to flexible recurring spending. Spending changes: stop:event_5102. Priorities retained: emergency_savings, housing."
request_56,734.5099999999998,affordable_with_plan,partial_payment,2025-02-03:734.51|2025-02-15:147.05,2025-02-15,none,"Request 881.56 USD; spendable balance after pending-debit reserve is 3,432.36 USD. Conservative safe amount on request date is 734.51 USD while keeping the required minimum of 2,100.00 USD. A two-payment schedule is feasible within the requested deadline. Priorities retained: education, family_support."
request_57,15164.330000000002,affordable_with_plan,full_payment,2026-05-15:61446,2026-05-15,stop:event_5281,"Request 61,446.00 ZAR; spendable balance after pending-debit reserve is 63,914.60 ZAR. Conservative safe amount on request date is 15,164.33 ZAR while keeping the required minimum of 42,700.00 ZAR. Full payment is made safe by permitted changes to flexible recurring spending. Spending changes: stop:event_5281. Priorities retained: retirement_investment, emergency_savings."
request_58,16226000.0,affordable_now,full_payment,2024-12-07:16226000,2024-12-07,none,"Request 16,226,000.00 IDR; spendable balance after pending-debit reserve is 42,146,065.00 IDR. Conservative safe amount on request date is 16,226,000.00 IDR while keeping the required minimum of 14,433,900.00 IDR. Full payment is safe now and the forecast stays above the minimum balance. Priorities retained: education, emergency_savings."
request_59,140600.0,affordable_now,full_payment,2025-05-04:140600,2025-05-04,none,"Request 140,600.00 INR; spendable balance after pending-debit reserve is 723,245.99 INR. Conservative safe amount on request date is 140,600.00 INR while keeping the required minimum of 132,600.00 INR. Full payment is safe now and the forecast stays above the minimum balance. Priorities retained: education, emergency_savings."
request_60,165.1500000000001,affordable_with_plan,full_payment,2026-01-15:199.89,2026-01-15,stop:event_5574,"Request 199.89 USD; spendable balance after pending-debit reserve is 648.69 USD. Conservative safe amount on request date is 165.15 USD while keeping the required minimum of 400.00 USD. Full payment is made safe by permitted changes to flexible recurring spending. Spending changes: stop:event_5574. Priorities retained: emergency_savings, travel."
request_61,29062.0,affordable_now,full_payment,2024-03-03:29062,2024-03-03,none,"Request 29,062.00 ZAR; spendable balance after pending-debit reserve is 145,180.03 ZAR. Conservative safe amount on request date is 29,062.00 ZAR while keeping the required minimum of 36,700.00 ZAR. Full payment is safe now and the forecast stays above the minimum balance. Priorities retained: debt_repayment, emergency_savings."
request_62,404.23,affordable_now,full_payment,2025-08-05:404.23,2025-08-05,none,"Request 404.23 USD; spendable balance after pending-debit reserve is 5,006.44 USD. Conservative safe amount on request date is 404.23 USD while keeping the required minimum of 1,300.00 USD. Full payment is safe now and the forecast stays above the minimum balance. Priorities retained: retirement_investment, emergency_savings."
request_63,52157.5,affordable_later,wait,2026-11-15:343900,2026-11-15,none,"Request 343,900.00 INR; spendable balance after pending-debit reserve is 243,645.00 INR. Conservative safe amount on request date is 52,157.50 INR while keeping the required minimum of 153,500.00 INR. One full payment becomes safe on 2026-11-15. Priorities retained: emergency_savings, travel."
request_64,0.0,affordable_later,wait,2024-09-15:63700,2024-09-15,none,"Request 63,700.00 INR; spendable balance after pending-debit reserve is 18,893.75 INR. Conservative safe amount on request date is 0.00 INR while keeping the required minimum of 36,100.00 INR. One full payment becomes safe on 2024-09-15. Priorities retained: emergency_savings, travel."
request_65,6706.619999999999,affordable_later,wait,2026-02-15:54340,2026-02-15,none,"Request 54,340.00 ZAR; spendable balance after pending-debit reserve is 28,524.00 ZAR. Conservative safe amount on request date is 6,706.62 ZAR while keeping the required minimum of 15,500.00 ZAR. One full payment becomes safe on 2026-02-15. Priorities retained: education, family_support."
request_66,22200.0,affordable_now,full_payment,2026-04-03:22200,2026-04-03,none,"Request 22,200.00 INR; spendable balance after pending-debit reserve is 302,520.00 INR. Conservative safe amount on request date is 22,200.00 INR while keeping the required minimum of 80,700.00 INR. Full payment is safe now and the forecast stays above the minimum balance. Priorities retained: retirement_investment, emergency_savings."
request_67,302.26,affordable_with_plan,full_payment,2024-10-15:2094,2024-10-15,reduce_to:event_6223:20.5,"Request 2,094.00 USD; spendable balance after pending-debit reserve is 1,992.54 USD. Conservative safe amount on request date is 302.26 USD while keeping the required minimum of 1,200.00 USD. Full payment is made safe by permitted changes to flexible recurring spending. Spending changes: reduce_to:event_6223:20.5. Priorities retained: education, emergency_savings."
request_68,1335.7999999999997,affordable_with_plan,full_payment,2025-03-23:2091.6,2025-03-23,stop:event_6330,"Request 2,091.60 USD; spendable balance after pending-debit reserve is 3,657.83 USD. Conservative safe amount on request date is 1,335.80 USD while keeping the required minimum of 1,500.00 USD. Full payment is made safe by permitted changes to flexible recurring spending. Spending changes: stop:event_6330. Priorities retained: healthcare, family_support."
request_69,529.1,affordable_now,full_payment,2026-01-04:529.1,2026-01-04,none,"Request 529.10 EUR; spendable balance after pending-debit reserve is 1,639.50 EUR. Conservative safe amount on request date is 529.10 EUR while keeping the required minimum of 700.00 EUR. Full payment is safe now and the forecast stays above the minimum balance. Priorities retained: emergency_savings, housing."
request_70,50373.609999999986,affordable_with_plan,full_payment,2025-02-15:243900,2025-02-15,stop:event_6498,"Request 243,900.00 INR; spendable balance after pending-debit reserve is 208,360.00 INR. Conservative safe amount on request date is 50,373.61 INR while keeping the required minimum of 115,000.00 INR. Full payment is made safe by permitted changes to flexible recurring spending. Spending changes: stop:event_6498. Priorities retained: debt_repayment, emergency_savings."
request_71,1490750.4699999988,affordable_later,wait,2025-10-15:21451000,2025-10-15,none,"Request 21,451,000.00 IDR; spendable balance after pending-debit reserve is 16,369,850.00 IDR. Conservative safe amount on request date is 1,490,750.47 IDR while keeping the required minimum of 8,884,800.00 IDR. One full payment becomes safe on 2025-10-15. Priorities retained: emergency_savings, travel."
request_72,0.0,not_affordable,not_recommended,none,,none,"Request 11,330.00 ZAR; spendable balance after pending-debit reserve is 30,337.13 ZAR. Conservative safe amount on request date is 0.00 ZAR while keeping the required minimum of 12,200.00 ZAR. No safe completion plan using the permitted payment methods is available. Priorities retained: education, debt_repayment."
request_73,71400.0,affordable_now,full_payment,2023-01-20:71400,2023-01-20,none,"Request 71,400.00 INR; spendable balance after pending-debit reserve is 278,542.50 INR. Conservative safe amount on request date is 71,400.00 INR while keeping the required minimum of 103,200.00 INR. Full payment is safe now and the forecast stays above the minimum balance. Priorities retained: emergency_savings, housing."
request_74,5010.0,affordable_now,full_payment,2025-08-04:5010,2025-08-04,none,"Request 5,010.00 ZAR; spendable balance after pending-debit reserve is 70,056.90 ZAR. Conservative safe amount on request date is 5,010.00 ZAR while keeping the required minimum of 21,900.00 ZAR. Full payment is safe now and the forecast stays above the minimum balance. Priorities retained: retirement_investment, emergency_savings."
request_75,28270.0,affordable_now,full_payment,2026-04-06:28270,2026-04-06,none,"Request 28,270.00 ZAR; spendable balance after pending-debit reserve is 145,867.87 ZAR. Conservative safe amount on request date is 28,270.00 ZAR while keeping the required minimum of 39,000.00 ZAR. Full payment is safe now and the forecast stays above the minimum balance. Priorities retained: retirement_investment, emergency_savings."
request_76,0.0,not_affordable,not_recommended,none,,none,"Request 4,455.60 USD; spendable balance after pending-debit reserve is 3,338.80 USD. Conservative safe amount on request date is 0.00 USD while keeping the required minimum of 1,800.00 USD. No safe completion plan using the permitted payment methods is available. Priorities retained: education, emergency_savings."
request_77,59872.82000000001,affordable_later,wait,2025-11-15:60700,2025-11-15,none,"Request 60,700.00 INR; spendable balance after pending-debit reserve is 189,860.50 INR. Conservative safe amount on request date is 59,872.82 INR while keeping the required minimum of 82,200.00 INR. One full payment becomes safe on 2025-11-15. Priorities retained: healthcare, family_support."
request_78,50200.0,affordable_now,full_payment,2025-10-02:50200,2025-10-02,none,"Request 50,200.00 INR; spendable balance after pending-debit reserve is 156,676.00 INR. Conservative safe amount on request date is 50,200.00 INR while keeping the required minimum of 55,200.00 INR. Full payment is safe now and the forecast stays above the minimum balance. Priorities retained: emergency_savings, travel."
request_79,429.83500000000004,affordable_later,wait,2025-01-15:2151.6,2025-01-15,none,"Request 2,151.60 EUR; spendable balance after pending-debit reserve is 2,104.08 EUR. Conservative safe amount on request date is 429.84 EUR while keeping the required minimum of 1,000.00 EUR. One full payment becomes safe on 2025-01-15. Priorities retained: emergency_savings, travel."
request_80,0.0,not_affordable,not_recommended,none,,none,"Request 217,500.00 INR; spendable balance after pending-debit reserve is 273,415.00 INR. Conservative safe amount on request date is 0.00 INR while keeping the required minimum of 121,300.00 INR. No safe completion plan using the permitted payment methods is available. Priorities retained: education, debt_repayment."
request_81,2076.0,affordable_now,full_payment,2026-07-03:2076,2026-07-03,none,"Request 2,076.00 USD; spendable balance after pending-debit reserve is 4,855.25 USD. Conservative safe amount on request date is 2,076.00 USD while keeping the required minimum of 1,600.00 USD. Full payment is safe now and the forecast stays above the minimum balance. Priorities retained: emergency_savings, housing."
request_82,189.2199999999998,affordable_later,wait,2025-05-20:1405.2,2025-05-20,none,"Request 1,405.20 USD; spendable balance after pending-debit reserve is 2,111.40 USD. Conservative safe amount on request date is 189.22 USD while keeping the required minimum of 1,100.00 USD. One full payment becomes safe on 2025-05-20. Priorities retained: emergency_savings, housing."
request_83,0.0,not_affordable,not_recommended,none,,none,"Request 156,200.00 INR; spendable balance after pending-debit reserve is 66,130.00 INR. Conservative safe amount on request date is 0.00 INR while keeping the required minimum of 37,800.00 INR. No safe completion plan using the permitted payment methods is available. Priorities retained: education, family_support."
request_84,35956.23000000001,affordable_with_plan,full_payment,2026-05-15:95400,2026-05-15,stop:event_7856,"Request 95,400.00 INR; spendable balance after pending-debit reserve is 153,945.00 INR. Conservative safe amount on request date is 35,956.23 INR while keeping the required minimum of 91,300.00 INR. Full payment is made safe by permitted changes to flexible recurring spending. Spending changes: stop:event_7856. Priorities retained: emergency_savings, travel."
request_85,367767.96999999974,affordable_later,wait,2024-06-15:19304000,2024-06-15,none,"Request 19,304,000.00 IDR; spendable balance after pending-debit reserve is 8,818,420.00 IDR. Conservative safe amount on request date is 367,767.97 IDR while keeping the required minimum of 6,396,300.00 IDR. One full payment becomes safe on 2024-06-15. Priorities retained: education, emergency_savings."
request_86,46300.0,affordable_now,full_payment,2025-08-03:46300,2025-08-03,none,"Request 46,300.00 INR; spendable balance after pending-debit reserve is 228,639.50 INR. Conservative safe amount on request date is 46,300.00 INR while keeping the required minimum of 84,900.00 INR. Full payment is safe now and the forecast stays above the minimum balance. Priorities retained: healthcare, family_support."
request_87,0.0,not_affordable,not_recommended,none,,none,"Request 487,900.00 INR; spendable balance after pending-debit reserve is 278,750.00 INR. Conservative safe amount on request date is 0.00 INR while keeping the required minimum of 185,900.00 INR. No safe completion plan using the permitted payment methods is available. Priorities retained: emergency_savings, travel."
request_88,10734.0,affordable_with_plan,installments,2024-06-14:9045.23|2024-07-15:9045.23|2024-08-15:9045.23,2024-06-15,none,"Request 26,092.00 ZAR; spendable balance after pending-debit reserve is 41,357.89 ZAR. Conservative safe amount on request date is 10,734.00 ZAR while keeping the required minimum of 25,800.00 ZAR. An allowed installment option completes by 2024-08-15; total payable is 27,135.69 ZAR. Priorities retained: debt_repayment, emergency_savings."
request_89,9324615.66,affordable_with_plan,full_payment,2026-01-15:13756000,2026-01-15,stop:event_8336,"Request 13,756,000.00 IDR; spendable balance after pending-debit reserve is 27,331,862.01 IDR. Conservative safe amount on request date is 9,324,615.66 IDR while keeping the required minimum of 12,534,700.00 IDR. Full payment is made safe by permitted changes to flexible recurring spending. Spending changes: stop:event_8336. Priorities retained: emergency_savings, housing."
request_90,2560.0,affordable_now,full_payment,2026-07-06:2560,2026-07-06,none,"Request 2,560.00 ZAR; spendable balance after pending-debit reserve is 31,629.50 ZAR. Conservative safe amount on request date is 2,560.00 ZAR while keeping the required minimum of 7,600.00 ZAR. Full payment is safe now and the forecast stays above the minimum balance. Priorities retained: retirement_investment, emergency_savings."
request_91,289.4300000000003,affordable_later,wait,2025-04-15:1927.2,2025-04-15,none,"Request 1,927.20 EUR; spendable balance after pending-debit reserve is 4,209.60 EUR. Conservative safe amount on request date is 289.43 EUR while keeping the required minimum of 2,100.00 EUR. One full payment becomes safe on 2025-04-15. Priorities retained: emergency_savings, housing."
request_92,0.0,not_affordable,not_recommended,none,,none,"Request 34,034.00 ZAR; spendable balance after pending-debit reserve is 78,664.47 ZAR. Conservative safe amount on request date is 0.00 ZAR while keeping the required minimum of 28,100.00 ZAR. No safe completion plan using the permitted payment methods is available. Priorities retained: education, family_support."
request_93,1729.2,affordable_now,full_payment,2026-04-07:1729.2,2026-04-07,none,"Request 1,729.20 USD; spendable balance after pending-debit reserve is 3,962.10 USD. Conservative safe amount on request date is 1,729.20 USD while keeping the required minimum of 1,900.00 USD. Full payment is safe now and the forecast stays above the minimum balance. Priorities retained: retirement_investment, emergency_savings."
request_94,572.0,affordable_now,full_payment,2024-12-04:572,2024-12-04,none,"Request 572.00 EUR; spendable balance after pending-debit reserve is 2,663.60 EUR. Conservative safe amount on request date is 572.00 EUR while keeping the required minimum of 600.00 EUR. Full payment is safe now and the forecast stays above the minimum balance. Priorities retained: retirement_investment, emergency_savings."
request_95,3835.389999999985,not_affordable,not_recommended,none,,none,"Request 553,000.00 INR; spendable balance after pending-debit reserve is 283,365.00 INR. Conservative safe amount on request date is 3,835.39 INR while keeping the required minimum of 145,500.00 INR. No safe completion plan using the permitted payment methods is available. Priorities retained: healthcare, family_support."
request_96,0.0,not_affordable,not_recommended,none,,none,"Request 90,200.00 INR; spendable balance after pending-debit reserve is 161,635.49 INR. Conservative safe amount on request date is 0.00 INR while keeping the required minimum of 56,500.00 INR. No safe completion plan using the permitted payment methods is available. Priorities retained: education, debt_repayment."
request_97,1454.3600000000006,affordable_with_plan,installments,2024-03-19:8145.28|2024-04-19:8145.28|2024-05-20:8145.28,2024-04-15,none,"Request 23,496.00 ZAR; spendable balance after pending-debit reserve is 38,565.89 ZAR. Conservative safe amount on request date is 1,454.36 ZAR while keeping the required minimum of 29,700.00 ZAR. An allowed installment option completes by 2024-05-20; total payable is 24,435.84 ZAR. Priorities retained: debt_repayment, emergency_savings."
request_98,9896.11,affordable_with_plan,full_payment,2025-09-15:27148,2025-09-15,stop:event_9076,"Request 27,148.00 ZAR; spendable balance after pending-debit reserve is 47,244.70 ZAR. Conservative safe amount on request date is 9,896.11 ZAR while keeping the required minimum of 30,000.00 ZAR. Full payment is made safe by permitted changes to flexible recurring spending. Spending changes: stop:event_9076. Priorities retained: emergency_savings, travel."
request_99,18062.0,affordable_now,full_payment,2026-07-04:18062,2026-07-04,none,"Request 18,062.00 ZAR; spendable balance after pending-debit reserve is 86,706.58 ZAR. Conservative safe amount on request date is 18,062.00 ZAR while keeping the required minimum of 49,100.00 ZAR. Full payment is safe now and the forecast stays above the minimum balance. Priorities retained: healthcare, retirement_investment."
request_100,25122.03500000001,affordable_with_plan,installments,2024-06-13:12866.19|2024-07-14:12866.19|2024-08-14:12866.19,2024-06-15,none,"Request 37,114.00 ZAR; spendable balance after pending-debit reserve is 67,336.13 ZAR. Conservative safe amount on request date is 25,122.04 ZAR while keeping the required minimum of 32,500.00 ZAR. An allowed installment option completes by 2024-08-14; total payable is 38,598.57 ZAR. Priorities retained: emergency_savings, housing."
request_101,143500.0,affordable_now,full_payment,2025-11-03:143500,2025-11-03,none,"Request 143,500.00 INR; spendable balance after pending-debit reserve is 450,208.50 INR. Conservative safe amount on request date is 143,500.00 INR while keeping the required minimum of 187,400.00 INR. Full payment is safe now and the forecast stays above the minimum balance. Priorities retained: education, family_support."
request_102,1716.0,affordable_now,full_payment,2026-04-05:1716,2026-04-05,none,"Request 1,716.00 EUR; spendable balance after pending-debit reserve is 4,557.74 EUR. Conservative safe amount on request date is 1,716.00 EUR while keeping the required minimum of 900.00 EUR. Full payment is safe now and the forecast stays above the minimum balance. Priorities retained: retirement_investment, emergency_savings."
request_103,1861.9500000000116,affordable_later,wait,2024-12-15:368300,2024-12-15,none,"Request 368,300.00 INR; spendable balance after pending-debit reserve is 161,259.00 INR. Conservative safe amount on request date is 1,861.95 INR while keeping the required minimum of 125,500.00 INR. One full payment becomes safe on 2024-12-15. Priorities retained: education, emergency_savings."
request_104,0.0,not_affordable,not_recommended,none,,none,"Request 17,204.00 ZAR; spendable balance after pending-debit reserve is 64,021.70 ZAR. Conservative safe amount on request date is 0.00 ZAR while keeping the required minimum of 24,700.00 ZAR. No safe completion plan using the permitted payment methods is available. Priorities retained: healthcare, family_support."
request_105,53500.0,affordable_now,full_payment,2026-06-08:53500,2026-06-08,none,"Request 53,500.00 INR; spendable balance after pending-debit reserve is 147,831.80 INR. Conservative safe amount on request date is 53,500.00 INR while keeping the required minimum of 73,900.00 INR. Full payment is safe now and the forecast stays above the minimum balance. Priorities retained: emergency_savings, travel."
request_106,459.8799999999999,affordable_later,wait,2025-02-15:2207.7,2025-02-15,none,"Request 2,207.70 EUR; spendable balance after pending-debit reserve is 2,601.70 EUR. Conservative safe amount on request date is 459.88 EUR while keeping the required minimum of 1,200.00 EUR. One full payment becomes safe on 2025-02-15. Priorities retained: debt_repayment, emergency_savings."
request_107,0.0,not_affordable,not_recommended,none,,none,"Request 2,534.40 EUR; spendable balance after pending-debit reserve is 5,054.52 EUR. Conservative safe amount on request date is 0.00 EUR while keeping the required minimum of 1,600.00 EUR. No safe completion plan using the permitted payment methods is available. Priorities retained: education, debt_repayment."
request_108,0.0,not_affordable,not_recommended,none,,none,"Request 55,308.00 ZAR; spendable balance after pending-debit reserve is 31,936.40 ZAR. Conservative safe amount on request date is 0.00 ZAR while keeping the required minimum of 24,100.00 ZAR. No safe completion plan using the permitted payment methods is available. Priorities retained: healthcare, retirement_investment."
request_109,658.9000000000001,affordable_with_plan,installments,2024-03-18:645.98|2024-04-18:645.98|2024-05-19:645.98,2024-04-15,none,"Request 1,863.40 EUR; spendable balance after pending-debit reserve is 2,976.46 EUR. Conservative safe amount on request date is 658.90 EUR while keeping the required minimum of 1,700.00 EUR. An allowed installment option completes by 2024-05-19; total payable is 1,937.94 EUR. Priorities retained: emergency_savings, travel."
request_110,22352.0,affordable_now,full_payment,2025-08-06:22352,2025-08-06,none,"Request 22,352.00 ZAR; spendable balance after pending-debit reserve is 61,229.53 ZAR. Conservative safe amount on request date is 22,352.00 ZAR while keeping the required minimum of 11,200.00 ZAR. Full payment is safe now and the forecast stays above the minimum balance. Priorities retained: retirement_investment, emergency_savings."
request_111,16625000.0,affordable_now,full_payment,2026-04-03:16625000,2026-04-03,none,"Request 16,625,000.00 IDR; spendable balance after pending-debit reserve is 85,204,860.00 IDR. Conservative safe amount on request date is 16,625,000.00 IDR while keeping the required minimum of 23,022,800.00 IDR. Full payment is safe now and the forecast stays above the minimum balance. Priorities retained: retirement_investment, emergency_savings."
request_112,0.0,not_affordable,not_recommended,none,,none,"Request 271.70 EUR; spendable balance after pending-debit reserve is 1,026.00 EUR. Conservative safe amount on request date is 0.00 EUR while keeping the required minimum of 500.00 EUR. No safe completion plan using the permitted payment methods is available. Priorities retained: education, debt_repayment."
request_113,28119.97,affordable_with_plan,full_payment,2026-09-15:36500,2026-09-15,reduce_to:event_10440:1490,"Request 36,500.00 INR; spendable balance after pending-debit reserve is 141,890.00 INR. Conservative safe amount on request date is 28,119.97 INR while keeping the required minimum of 82,300.00 INR. Full payment is made safe by permitted changes to flexible recurring spending. Spending changes: reduce_to:event_10440:1490. Priorities retained: emergency_savings, travel."
request_114,65300.0,affordable_now,full_payment,2026-01-04:65300,2026-01-04,none,"Request 65,300.00 INR; spendable balance after pending-debit reserve is 219,230.00 INR. Conservative safe amount on request date is 65,300.00 INR while keeping the required minimum of 113,400.00 INR. Full payment is safe now and the forecast stays above the minimum balance. Priorities retained: emergency_savings, travel."
request_115,14848.079999999994,affordable_with_plan,full_payment,2024-11-15:80500,2024-11-15,stop:event_10665,"Request 80,500.00 INR; spendable balance after pending-debit reserve is 65,935.00 INR. Conservative safe amount on request date is 14,848.08 INR while keeping the required minimum of 38,800.00 INR. Full payment is made safe by permitted changes to flexible recurring spending. Spending changes: stop:event_10665. Priorities retained: debt_repayment, emergency_savings."
request_116,9538.595000000016,not_affordable,not_recommended,none,,none,"Request 241,200.00 INR; spendable balance after pending-debit reserve is 138,375.00 INR. Conservative safe amount on request date is 9,538.60 INR while keeping the required minimum of 80,300.00 INR. No safe completion plan using the permitted payment methods is available. Priorities retained: education, debt_repayment."
request_117,880.0,affordable_now,full_payment,2026-07-05:880,2026-07-05,none,"Request 880.00 EUR; spendable balance after pending-debit reserve is 2,164.20 EUR. Conservative safe amount on request date is 880.00 EUR while keeping the required minimum of 1,000.00 EUR. Full payment is safe now and the forecast stays above the minimum balance. Priorities retained: healthcare, retirement_investment."
request_118,627.54,affordable_with_plan,full_payment,2025-01-20:738.1,2025-01-20,stop:event_10912,"Request 738.10 EUR; spendable balance after pending-debit reserve is 1,538.51 EUR. Conservative safe amount on request date is 627.54 EUR while keeping the required minimum of 600.00 EUR. Full payment is made safe by permitted changes to flexible recurring spending. Spending changes: stop:event_10912. Priorities retained: emergency_savings, housing."
request_119,0.0,not_affordable,not_recommended,none,,none,"Request 203,500.00 INR; spendable balance after pending-debit reserve is 282,101.01 INR. Conservative safe amount on request date is 0.00 INR while keeping the required minimum of 151,200.00 INR. No safe completion plan using the permitted payment methods is available. Priorities retained: education, family_support."
request_120,7714000.0,affordable_now,full_payment,2026-04-06:7714000,2026-04-06,none,"Request 7,714,000.00 IDR; spendable balance after pending-debit reserve is 31,161,880.00 IDR. Conservative safe amount on request date is 7,714,000.00 IDR while keeping the required minimum of 20,050,300.00 IDR. Full payment is safe now and the forecast stays above the minimum balance. Priorities retained: retirement_investment, emergency_savings."
request_121,633.6,affordable_now,full_payment,2024-03-03:633.6,2024-03-03,none,"Request 633.60 USD; spendable balance after pending-debit reserve is 1,716.00 USD. Conservative safe amount on request date is 633.60 USD while keeping the required minimum of 800.00 USD. Full payment is safe now and the forecast stays above the minimum balance. Priorities retained: education, emergency_savings."
request_122,20558000.0,affordable_now,full_payment,2025-08-05:20558000,2025-08-05,none,"Request 20,558,000.00 IDR; spendable balance after pending-debit reserve is 55,877,244.99 IDR. Conservative safe amount on request date is 20,558,000.00 IDR while keeping the required minimum of 12,588,500.00 IDR. Full payment is safe now and the forecast stays above the minimum balance. Priorities retained: retirement_investment, emergency_savings."
request_123,4076000.0,affordable_now,full_payment,2026-01-07:4076000,2026-01-07,none,"Request 4,076,000.00 IDR; spendable balance after pending-debit reserve is 62,317,500.00 IDR. Conservative safe amount on request date is 4,076,000.00 IDR while keeping the required minimum of 18,091,200.00 IDR. Full payment is safe now and the forecast stays above the minimum balance. Priorities retained: education, emergency_savings."
request_124,1402.0100000000002,affordable_with_plan,installments,2024-06-11:1076.12|2024-07-12:1076.12|2024-08-12:1076.12,2024-07-15,none,"Request 3,104.20 EUR; spendable balance after pending-debit reserve is 3,709.56 EUR. Conservative safe amount on request date is 1,402.01 EUR while keeping the required minimum of 1,600.00 EUR. An allowed installment option completes by 2024-08-12; total payable is 3,228.36 EUR. Priorities retained: debt_repayment, emergency_savings."
request_125,6468.0,affordable_now,full_payment,2025-11-06:6468,2025-11-06,none,"Request 6,468.00 ZAR; spendable balance after pending-debit reserve is 22,027.97 ZAR. Conservative safe amount on request date is 6,468.00 ZAR while keeping the required minimum of 11,300.00 ZAR. Full payment is safe now and the forecast stays above the minimum balance. Priorities retained: emergency_savings, travel."
request_126,159600.0,affordable_now,full_payment,2026-07-03:159600,2026-07-03,none,"Request 159,600.00 INR; spendable balance after pending-debit reserve is 403,175.00 INR. Conservative safe amount on request date is 159,600.00 INR while keeping the required minimum of 129,700.00 INR. Full payment is safe now and the forecast stays above the minimum balance. Priorities retained: retirement_investment, emergency_savings."
request_127,0.0,not_affordable,not_recommended,none,,none,"Request 23,980.00 ZAR; spendable balance after pending-debit reserve is 66,058.00 ZAR. Conservative safe amount on request date is 0.00 ZAR while keeping the required minimum of 41,000.00 ZAR. No safe completion plan using the permitted payment methods is available. Priorities retained: emergency_savings, housing."
request_128,25168.0,affordable_now,full_payment,2025-02-07:25168,2025-02-07,none,"Request 25,168.00 ZAR; spendable balance after pending-debit reserve is 80,711.70 ZAR. Conservative safe amount on request date is 25,168.00 ZAR while keeping the required minimum of 42,600.00 ZAR. Full payment is safe now and the forecast stays above the minimum balance. Priorities retained: education, family_support."
request_129,159.01,affordable_later,wait,2026-08-15:2668.8,2026-08-15,none,"Request 2,668.80 USD; spendable balance after pending-debit reserve is 1,088.00 USD. Conservative safe amount on request date is 159.01 USD while keeping the required minimum of 800.00 USD. One full payment becomes safe on 2026-08-15. Priorities retained: retirement_investment, emergency_savings."
request_130,364.7249999999997,affordable_with_plan,full_payment,2025-01-15:1978.8,2025-01-15,stop:event_11958,"Request 1,978.80 USD; spendable balance after pending-debit reserve is 2,317.46 USD. Conservative safe amount on request date is 364.72 USD while keeping the required minimum of 1,400.00 USD. Full payment is made safe by permitted changes to flexible recurring spending. Spending changes: stop:event_11958. Priorities retained: education, emergency_savings."
request_131,1136.9699999999993,affordable_with_plan,full_payment,2025-06-23:1855.2,2025-06-23,reduce_to:event_12065:21.2,"Request 1,855.20 USD; spendable balance after pending-debit reserve is 3,387.16 USD. Conservative safe amount on request date is 1,136.97 USD while keeping the required minimum of 1,100.00 USD. Full payment is made safe by permitted changes to flexible recurring spending. Spending changes: reduce_to:event_12065:21.2. Priorities retained: healthcare, family_support."
request_132,363.73,affordable_with_plan,full_payment,2026-01-05:379.86,2026-01-05,reduce_to:event_12142:26,"Request 379.86 USD; spendable balance after pending-debit reserve is 1,744.55 USD. Conservative safe amount on request date is 363.73 USD while keeping the required minimum of 1,100.00 USD. Full payment is made safe by permitted changes to flexible recurring spending. Spending changes: reduce_to:event_12142:26. Priorities retained: emergency_savings, travel."
request_133,15770000.0,affordable_now,full_payment,2024-03-07:15770000,2024-03-07,none,"Request 15,770,000.00 IDR; spendable balance after pending-debit reserve is 36,824,650.00 IDR. Conservative safe amount on request date is 15,770,000.00 IDR while keeping the required minimum of 9,986,200.00 IDR. Full payment is safe now and the forecast stays above the minimum balance. Priorities retained: debt_repayment, emergency_savings."
request_134,4451971.385000002,affordable_later,wait,2025-12-15:21831000,2025-12-15,none,"Request 21,831,000.00 IDR; spendable balance after pending-debit reserve is 28,020,700.00 IDR. Conservative safe amount on request date is 4,451,971.39 IDR while keeping the required minimum of 15,902,500.00 IDR. One full payment becomes safe on 2025-12-15. Priorities retained: education, debt_repayment."
request_135,304.8,affordable_now,full_payment,2026-07-06:304.8,2026-07-06,none,"Request 304.80 USD; spendable balance after pending-debit reserve is 1,041.10 USD. Conservative safe amount on request date is 304.80 USD while keeping the required minimum of 500.00 USD. Full payment is safe now and the forecast stays above the minimum balance. Priorities retained: healthcare, retirement_investment."
request_136,529.3599999999997,affordable_with_plan,full_payment,2024-06-03:560.4,2024-06-03,reduce_to:event_12498:27.2,"Request 560.40 USD; spendable balance after pending-debit reserve is 2,291.68 USD. Conservative safe amount on request date is 529.36 USD while keeping the required minimum of 1,100.00 USD. Full payment is made safe by permitted changes to flexible recurring spending. Spending changes: reduce_to:event_12498:27.2. Priorities retained: healthcare, family_support."
request_137,26148.149999999994,affordable_later,wait,2026-09-15:80100,2026-09-15,none,"Request 80,100.00 INR; spendable balance after pending-debit reserve is 139,760.00 INR. Conservative safe amount on request date is 26,148.15 INR while keeping the required minimum of 71,800.00 INR. One full payment becomes safe on 2026-09-15. Priorities retained: emergency_savings, housing."
request_138,968.4900000000002,affordable_with_plan,partial_payment,2026-04-07:968.49|2026-04-15:288.45,2026-04-15,none,"Request 1,256.94 EUR; spendable balance after pending-debit reserve is 3,509.90 EUR. Conservative safe amount on request date is 968.49 EUR while keeping the required minimum of 2,300.00 EUR. A two-payment schedule is feasible within the requested deadline. Priorities retained: retirement_investment, emergency_savings."
request_139,1330.4099999999999,affordable_with_plan,full_payment,2024-11-15:2316,2024-11-15,stop:event_12741,"Request 2,316.00 USD; spendable balance after pending-debit reserve is 3,767.84 USD. Conservative safe amount on request date is 1,330.41 USD while keeping the required minimum of 1,500.00 USD. Full payment is made safe by permitted changes to flexible recurring spending. Spending changes: stop:event_12741. Priorities retained: education, emergency_savings."
request_140,0.0,not_affordable,not_recommended,none,,none,"Request 62,832.00 ZAR; spendable balance after pending-debit reserve is 32,674.80 ZAR. Conservative safe amount on request date is 0.00 ZAR while keeping the required minimum of 21,600.00 ZAR. No safe completion plan using the permitted payment methods is available. Priorities retained: education, debt_repayment."
request_141,26291.170000000013,affordable_later,wait,2026-04-15:171600,2026-04-15,none,"Request 171,600.00 INR; spendable balance after pending-debit reserve is 118,735.00 INR. Conservative safe amount on request date is 26,291.17 INR while keeping the required minimum of 67,300.00 INR. One full payment becomes safe on 2026-04-15. Priorities retained: emergency_savings, travel."
request_142,1263.6,affordable_now,full_payment,2024-12-05:1263.6,2024-12-05,none,"Request 1,263.60 USD; spendable balance after pending-debit reserve is 5,928.85 USD. Conservative safe amount on request date is 1,263.60 USD while keeping the required minimum of 1,700.00 USD. Full payment is safe now and the forecast stays above the minimum balance. Priorities retained: retirement_investment, emergency_savings."
request_143,2465.2299999999977,affordable_later,wait,2025-09-15:12584,2025-09-15,none,"Request 12,584.00 ZAR; spendable balance after pending-debit reserve is 19,684.20 ZAR. Conservative safe amount on request date is 2,465.23 ZAR while keeping the required minimum of 11,300.00 ZAR. One full payment becomes safe on 2025-09-15. Priorities retained: education, debt_repayment."
request_144,0.0,not_affordable,not_recommended,none,,none,"Request 233.34 USD; spendable balance after pending-debit reserve is 1,248.08 USD. Conservative safe amount on request date is 0.00 USD while keeping the required minimum of 600.00 USD. No safe completion plan using the permitted payment methods is available. Priorities retained: education, debt_repayment."
request_145,12669.219999999972,affordable_with_plan,full_payment,2024-05-20:217400,2024-05-20,stop:event_13342|reduce_to:event_13409:3335|reduce_to:event_13341:2920,"Request 217,400.00 INR; spendable balance after pending-debit reserve is 261,013.66 INR. Conservative safe amount on request date is 12,669.22 INR while keeping the required minimum of 155,400.00 INR. Full payment is made safe by permitted changes to flexible recurring spending. Spending changes: stop:event_13342|reduce_to:event_13409:3335|reduce_to:event_13341:2920. Priorities retained: emergency_savings, housing."
request_146,23197.170000000013,affordable_later,wait,2025-12-15:449400,2025-12-15,none,"Request 449,400.00 INR; spendable balance after pending-debit reserve is 190,065.00 INR. Conservative safe amount on request date is 23,197.17 INR while keeping the required minimum of 108,600.00 INR. One full payment becomes safe on 2025-12-15. Priorities retained: education, family_support."
request_147,0.0,not_affordable,not_recommended,none,,none,"Request 1,129.70 EUR; spendable balance after pending-debit reserve is 1,641.53 EUR. Conservative safe amount on request date is 0.00 EUR while keeping the required minimum of 900.00 EUR. No safe completion plan using the permitted payment methods is available. Priorities retained: retirement_investment, emergency_savings."
request_148,7120.375,affordable_with_plan,full_payment,2024-07-15:22242,2024-07-15,stop:event_13592,"Request 22,242.00 ZAR; spendable balance after pending-debit reserve is 33,181.08 ZAR. Conservative safe amount on request date is 7,120.38 ZAR while keeping the required minimum of 20,000.00 ZAR. Full payment is made safe by permitted changes to flexible recurring spending. Spending changes: stop:event_13592. Priorities retained: education, emergency_savings."
request_149,25043.854999999996,affordable_with_plan,installments,2025-11-18:12706.03|2025-12-16:12706.03|2026-01-13:12706.03,2025-12-15,none,"Request 36,652.00 ZAR; spendable balance after pending-debit reserve is 84,358.38 ZAR. Conservative safe amount on request date is 25,043.85 ZAR while keeping the required minimum of 42,100.00 ZAR. An allowed installment option completes by 2026-01-13; total payable is 38,118.09 ZAR. Priorities retained: healthcare, family_support."
request_150,334.3299999999999,affordable_with_plan,installments,2026-01-06:171.98|2026-02-05:171.98|2026-03-07:171.98,2026-01-15,none,"Request 496.10 EUR; spendable balance after pending-debit reserve is 1,257.44 EUR. Conservative safe amount on request date is 334.33 EUR while keeping the required minimum of 700.00 EUR. An allowed installment option completes by 2026-03-07; total payable is 515.94 EUR. Priorities retained: emergency_savings, travel."
request_151,26999000.0,affordable_now,full_payment,2024-09-03:26999000,2024-09-03,none,"Request 26,999,000.00 IDR; spendable balance after pending-debit reserve is 83,998,265.00 IDR. Conservative safe amount on request date is 26,999,000.00 IDR while keeping the required minimum of 31,633,600.00 IDR. Full payment is safe now and the forecast stays above the minimum balance. Priorities retained: debt_repayment, emergency_savings."
request_152,11114.635000000002,affordable_with_plan,full_payment,2025-03-15:13882,2025-03-15,reduce_to:event_14024:234.3,"Request 13,882.00 ZAR; spendable balance after pending-debit reserve is 28,368.77 ZAR. Conservative safe amount on request date is 11,114.64 ZAR while keeping the required minimum of 11,900.00 ZAR. Full payment is made safe by permitted changes to flexible recurring spending. Spending changes: reduce_to:event_14024:234.3. Priorities retained: education, debt_repayment."
request_153,124.77999999999975,affordable_later,wait,2026-12-15:2830.8,2026-12-15,none,"Request 2,830.80 USD; spendable balance after pending-debit reserve is 1,903.60 USD. Conservative safe amount on request date is 124.78 USD while keeping the required minimum of 1,400.00 USD. One full payment becomes safe on 2026-12-15. Priorities retained: emergency_savings, travel."
request_154,1625.8,affordable_now,full_payment,2024-12-04:1625.8,2024-12-04,none,"Request 1,625.80 EUR; spendable balance after pending-debit reserve is 4,679.40 EUR. Conservative safe amount on request date is 1,625.80 EUR while keeping the required minimum of 1,300.00 EUR. Full payment is safe now and the forecast stays above the minimum balance. Priorities retained: emergency_savings, housing."
request_155,0.0,not_affordable,not_recommended,none,,none,"Request 112,500.00 INR; spendable balance after pending-debit reserve is 218,050.00 INR. Conservative safe amount on request date is 0.00 INR while keeping the required minimum of 56,300.00 INR. No safe completion plan using the permitted payment methods is available. Priorities retained: education, family_support."
request_156,10787.880000000005,affordable_with_plan,full_payment,2026-05-15:43076,2026-05-15,reduce_to:event_14359:402.6,"Request 43,076.00 ZAR; spendable balance after pending-debit reserve is 40,488.30 ZAR. Conservative safe amount on request date is 10,787.88 ZAR while keeping the required minimum of 26,900.00 ZAR. Full payment is made safe by permitted changes to flexible recurring spending. Spending changes: reduce_to:event_14359:402.6. Priorities retained: retirement_investment, emergency_savings."
request_157,4753445.219999999,affordable_with_plan,full_payment,2024-04-15:23503000,2024-04-15,reduce_to:event_14434:197600,"Request 23,503,000.00 IDR; spendable balance after pending-debit reserve is 25,805,950.00 IDR. Conservative safe amount on request date is 4,753,445.22 IDR while keeping the required minimum of 15,714,100.00 IDR. Full payment is made safe by permitted changes to flexible recurring spending. Spending changes: reduce_to:event_14434:197600. Priorities retained: education, emergency_savings."
request_158,242600.0,affordable_now,full_payment,2025-08-07:242600,2025-08-07,none,"Request 242,600.00 INR; spendable balance after pending-debit reserve is 745,417.10 INR. Conservative safe amount on request date is 242,600.00 INR while keeping the required minimum of 131,400.00 INR. Full payment is safe now and the forecast stays above the minimum balance. Priorities retained: retirement_investment, emergency_savings."
request_159,13398.0,affordable_now,full_payment,2026-01-04:13398,2026-01-04,none,"Request 13,398.00 ZAR; spendable balance after pending-debit reserve is 40,283.20 ZAR. Conservative safe amount on request date is 13,398.00 ZAR while keeping the required minimum of 8,700.00 ZAR. Full payment is safe now and the forecast stays above the minimum balance. Priorities retained: education, emergency_savings."
request_160,570.2900000000002,affordable_with_plan,installments,2024-06-13:432.05|2024-07-14:432.05|2024-08-14:432.05,2024-07-15,none,"Request 1,246.30 EUR; spendable balance after pending-debit reserve is 2,057.61 EUR. Conservative safe amount on request date is 570.29 EUR while keeping the required minimum of 1,200.00 EUR. An allowed installment option completes by 2024-08-14; total payable is 1,296.15 EUR. Priorities retained: debt_repayment, emergency_savings."
request_161,0.0,not_affordable,not_recommended,none,,none,"Request 21,204,000.00 IDR; spendable balance after pending-debit reserve is 40,251,950.00 IDR. Conservative safe amount on request date is 0.00 IDR while keeping the required minimum of 23,010,400.00 IDR. No safe completion plan using the permitted payment methods is available. Priorities retained: education, debt_repayment."
request_162,2428051.1899999976,affordable_later,wait,2027-01-15:83923000,2027-01-15,none,"Request 83,923,000.00 IDR; spendable balance after pending-debit reserve is 32,762,400.00 IDR. Conservative safe amount on request date is 2,428,051.19 IDR while keeping the required minimum of 24,161,100.00 IDR. One full payment becomes safe on 2027-01-15. Priorities retained: healthcare, retirement_investment."
request_163,7997644.270000003,affordable_with_plan,full_payment,2024-10-20:19304000,2024-10-20,reduce_to:event_15018:664050,"Request 19,304,000.00 IDR; spendable balance after pending-debit reserve is 47,807,624.26 IDR. Conservative safe amount on request date is 7,997,644.27 IDR while keeping the required minimum of 26,728,700.00 IDR. Full payment is made safe by permitted changes to flexible recurring spending. Spending changes: reduce_to:event_15018:664050. Priorities retained: emergency_savings, housing."
request_164,0.0,not_affordable,not_recommended,none,,none,"Request 27,018,000.00 IDR; spendable balance after pending-debit reserve is 75,429,169.20 IDR. Conservative safe amount on request date is 0.00 IDR while keeping the required minimum of 29,550,500.00 IDR. No safe completion plan using the permitted payment methods is available. Priorities retained: education, family_support."
request_165,80600.0,affordable_now,full_payment,2026-04-06:80600,2026-04-06,none,"Request 80,600.00 INR; spendable balance after pending-debit reserve is 366,705.00 INR. Conservative safe amount on request date is 80,600.00 INR while keeping the required minimum of 95,000.00 INR. Full payment is safe now and the forecast stays above the minimum balance. Priorities retained: retirement_investment, emergency_savings."
request_166,2907.6,affordable_now,full_payment,2024-12-03:2907.6,2024-12-03,none,"Request 2,907.60 USD; spendable balance after pending-debit reserve is 9,001.95 USD. Conservative safe amount on request date is 2,907.60 USD while keeping the required minimum of 1,700.00 USD. Full payment is safe now and the forecast stays above the minimum balance. Priorities retained: retirement_investment, emergency_savings."
request_167,43802.0,affordable_now,full_payment,2025-05-05:43802,2025-05-05,none,"Request 43,802.00 ZAR; spendable balance after pending-debit reserve is 105,090.30 ZAR. Conservative safe amount on request date is 43,802.00 ZAR while keeping the required minimum of 31,200.00 ZAR. Full payment is safe now and the forecast stays above the minimum balance. Priorities retained: healthcare, family_support."
request_168,39306.405,affordable_with_plan,partial_payment,2026-01-07:39306.4|2026-01-15:10073.6,2026-01-15,none,"Request 49,380.00 INR; spendable balance after pending-debit reserve is 173,843.00 INR. Conservative safe amount on request date is 39,306.40 INR while keeping the required minimum of 114,400.00 INR. A two-payment schedule is feasible within the requested deadline. Priorities retained: emergency_savings, travel."
request_169,41976.0,affordable_now,full_payment,2024-03-04:41976,2024-03-04,none,"Request 41,976.00 ZAR; spendable balance after pending-debit reserve is 77,544.50 ZAR. Conservative safe amount on request date is 41,976.00 ZAR while keeping the required minimum of 18,700.00 ZAR. Full payment is safe now and the forecast stays above the minimum balance. Priorities retained: emergency_savings, travel."
request_170,30061352.590000004,affordable_with_plan,installments,2025-08-06:12804480|2025-09-03:12804480|2025-10-01:12804480,2025-09-15,none,"Request 36,936,000.00 IDR; spendable balance after pending-debit reserve is 69,446,998.40 IDR. Conservative safe amount on request date is 30,061,352.59 IDR while keeping the required minimum of 24,715,800.00 IDR. An allowed installment option completes by 2025-10-01; total payable is 38,413,440.00 IDR. Priorities retained: education, debt_repayment."
request_171,67.1400000000001,affordable_later,wait,2026-11-15:1878.8,2026-11-15,none,"Request 1,878.80 EUR; spendable balance after pending-debit reserve is 810.65 EUR. Conservative safe amount on request date is 67.14 EUR while keeping the required minimum of 500.00 EUR. One full payment becomes safe on 2026-11-15. Priorities retained: healthcare, retirement_investment."
request_172,9130.370000000003,affordable_with_plan,partial_payment,2024-06-05:9130.37|2024-06-15:1069.63,2024-06-15,none,"Request 10,200.00 ZAR; spendable balance after pending-debit reserve is 50,942.40 ZAR. Conservative safe amount on request date is 9,130.37 ZAR while keeping the required minimum of 27,200.00 ZAR. A two-payment schedule is feasible within the requested deadline. Priorities retained: healthcare, family_support."
request_173,61952.96999999997,affordable_with_plan,installments,2025-11-21:39173.33|2025-12-19:39173.33|2026-01-16:39173.33,2025-12-15,none,"Request 113,000.00 INR; spendable balance after pending-debit reserve is 162,290.53 INR. Conservative safe amount on request date is 61,952.97 INR while keeping the required minimum of 79,100.00 INR. An allowed installment option completes by 2026-01-16; total payable is 117,519.99 INR. Priorities retained: emergency_savings, travel."
request_174,1146.2,affordable_now,full_payment,2026-04-04:1146.2,2026-04-04,none,"Request 1,146.20 EUR; spendable balance after pending-debit reserve is 3,266.04 EUR. Conservative safe amount on request date is 1,146.20 EUR while keeping the required minimum of 700.00 EUR. Full payment is safe now and the forecast stays above the minimum balance. Priorities retained: retirement_investment, emergency_savings."
request_175,2346.3,affordable_now,full_payment,2024-09-06:2346.3,2024-09-06,none,"Request 2,346.30 EUR; spendable balance after pending-debit reserve is 4,760.25 EUR. Conservative safe amount on request date is 2,346.30 EUR while keeping the required minimum of 1,700.00 EUR. Full payment is safe now and the forecast stays above the minimum balance. Priorities retained: education, emergency_savings."
request_176,0.0,not_affordable,not_recommended,none,,none,"Request 1,239.70 EUR; spendable balance after pending-debit reserve is 1,286.95 EUR. Conservative safe amount on request date is 0.00 EUR while keeping the required minimum of 600.00 EUR. No safe completion plan using the permitted payment methods is available. Priorities retained: healthcare, family_support."
request_177,1017.6,affordable_now,full_payment,2026-01-05:1017.6,2026-01-05,none,"Request 1,017.60 USD; spendable balance after pending-debit reserve is 2,987.24 USD. Conservative safe amount on request date is 1,017.60 USD while keeping the required minimum of 1,300.00 USD. Full payment is safe now and the forecast stays above the minimum balance. Priorities retained: emergency_savings, travel."
request_178,2938.1,affordable_now,full_payment,2024-12-07:2938.1,2024-12-07,none,"Request 2,938.10 EUR; spendable balance after pending-debit reserve is 7,959.30 EUR. Conservative safe amount on request date is 2,938.10 EUR while keeping the required minimum of 1,400.00 EUR. Full payment is safe now and the forecast stays above the minimum balance. Priorities retained: retirement_investment, emergency_savings."
request_179,6506134.090000011,affordable_later,wait,2025-10-15:41648000,2025-10-15,none,"Request 41,648,000.00 IDR; spendable balance after pending-debit reserve is 79,388,050.00 IDR. Conservative safe amount on request date is 6,506,134.09 IDR while keeping the required minimum of 41,430,800.00 IDR. One full payment becomes safe on 2025-10-15. Priorities retained: education, debt_repayment."
request_180,0.0,not_affordable,not_recommended,none,,none,"Request 66,500.00 INR; spendable balance after pending-debit reserve is 132,690.00 INR. Conservative safe amount on request date is 0.00 INR while keeping the required minimum of 37,300.00 INR. No safe completion plan using the permitted payment methods is available. Priorities retained: education, debt_repayment."
request_181,290.75499999999965,not_affordable,not_recommended,none,,none,"Request 5,059.20 USD; spendable balance after pending-debit reserve is 3,270.00 USD. Conservative safe amount on request date is 290.75 USD while keeping the required minimum of 2,000.00 USD. No safe completion plan using the permitted payment methods is available. Priorities retained: emergency_savings, housing."
request_182,65714.0,affordable_now,full_payment,2025-08-05:65714,2025-08-05,none,"Request 65,714.00 ZAR; spendable balance after pending-debit reserve is 123,767.30 ZAR. Conservative safe amount on request date is 65,714.00 ZAR while keeping the required minimum of 31,100.00 ZAR. Full payment is safe now and the forecast stays above the minimum balance. Priorities retained: education, family_support."
request_183,25097453.135000005,affordable_with_plan,installments,2026-04-10:9313546.67|2026-05-10:9313546.67|2026-06-09:9313546.67,2026-04-15,none,"Request 26,866,000.00 IDR; spendable balance after pending-debit reserve is 40,826,223.74 IDR. Conservative safe amount on request date is 25,097,453.14 IDR while keeping the required minimum of 11,878,300.00 IDR. An allowed installment option completes by 2026-06-09; total payable is 27,940,640.01 IDR. Priorities retained: emergency_savings, travel."
request_184,17569.200000000026,affordable_later,wait,2024-11-15:251900,2024-11-15,none,"Request 251,900.00 INR; spendable balance after pending-debit reserve is 163,160.00 INR. Conservative safe amount on request date is 17,569.20 INR while keeping the required minimum of 110,800.00 INR. One full payment becomes safe on 2024-11-15. Priorities retained: emergency_savings, travel."
request_185,310.35000000000014,affordable_with_plan,full_payment,2026-01-15:1257.3,2026-01-15,reduce_to:event_17120:33.5|stop:event_17052,"Request 1,257.30 EUR; spendable balance after pending-debit reserve is 2,083.40 EUR. Conservative safe amount on request date is 310.35 EUR while keeping the required minimum of 1,300.00 EUR. Full payment is made safe by permitted changes to flexible recurring spending. Spending changes: reduce_to:event_17120:33.5|stop:event_17052. Priorities retained: emergency_savings, housing."
request_186,7512.990000000002,affordable_with_plan,full_payment,2026-02-15:26554,2026-02-15,stop:event_17158,"Request 26,554.00 ZAR; spendable balance after pending-debit reserve is 44,863.50 ZAR. Conservative safe amount on request date is 7,512.99 ZAR while keeping the required minimum of 22,000.00 ZAR. Full payment is made safe by permitted changes to flexible recurring spending. Spending changes: stop:event_17158. Priorities retained: emergency_savings, travel."
request_187,37750.92999999999,affordable_with_plan,full_payment,2024-10-15:187500,2024-10-15,stop:event_17265,"Request 187,500.00 INR; spendable balance after pending-debit reserve is 195,735.00 INR. Conservative safe amount on request date is 37,750.93 INR while keeping the required minimum of 128,300.00 INR. Full payment is made safe by permitted changes to flexible recurring spending. Spending changes: stop:event_17265. Priorities retained: debt_repayment, emergency_savings."
request_188,107.66499999999985,not_affordable,not_recommended,none,,none,"Request 2,464.00 EUR; spendable balance after pending-debit reserve is 1,485.30 EUR. Conservative safe amount on request date is 107.66 EUR while keeping the required minimum of 900.00 EUR. No safe completion plan using the permitted payment methods is available. Priorities retained: education, debt_repayment."
request_189,488.4,affordable_now,full_payment,2026-07-04:488.4,2026-07-04,none,"Request 488.40 EUR; spendable balance after pending-debit reserve is 1,147.66 EUR. Conservative safe amount on request date is 488.40 EUR while keeping the required minimum of 400.00 EUR. Full payment is safe now and the forecast stays above the minimum balance. Priorities retained: healthcare, retirement_investment."
request_190,545.8400000000006,affordable_with_plan,full_payment,2024-12-15:2557.5,2024-12-15,reduce_to:event_17577:37.5,"Request 2,557.50 EUR; spendable balance after pending-debit reserve is 3,155.80 EUR. Conservative safe amount on request date is 545.84 EUR while keeping the required minimum of 1,600.00 EUR. Full payment is made safe by permitted changes to flexible recurring spending. Spending changes: reduce_to:event_17577:37.5. Priorities retained: emergency_savings, housing."
request_191,664.4,affordable_now,full_payment,2025-05-03:664.4,2025-05-03,none,"Request 664.40 EUR; spendable balance after pending-debit reserve is 1,591.06 EUR. Conservative safe amount on request date is 664.40 EUR while keeping the required minimum of 500.00 EUR. Full payment is safe now and the forecast stays above the minimum balance. Priorities retained: education, family_support."
request_192,0.0,not_affordable,not_recommended,none,,none,"Request 2,046.00 USD; spendable balance after pending-debit reserve is 1,384.80 USD. Conservative safe amount on request date is 0.00 USD while keeping the required minimum of 1,000.00 USD. No safe completion plan using the permitted payment methods is available. Priorities retained: retirement_investment, emergency_savings."
request_193,31.019999999999982,affordable_with_plan,installments,2024-03-21:420.23|2024-04-21:420.23|2024-05-22:420.23,2024-03-15,none,"Request 1,212.20 EUR; spendable balance after pending-debit reserve is 1,310.62 EUR. Conservative safe amount on request date is 31.02 EUR while keeping the required minimum of 1,000.00 EUR. An allowed installment option completes by 2024-05-22; total payable is 1,260.69 EUR. Priorities retained: education, emergency_savings."
request_194,33536.96999999997,affordable_later,wait,2026-01-23:132800,2026-01-23,none,"Request 132,800.00 INR; spendable balance after pending-debit reserve is 208,630.00 INR. Conservative safe amount on request date is 33,536.97 INR while keeping the required minimum of 113,600.00 INR. One full payment becomes safe on 2026-01-23. Priorities retained: healthcare, family_support."
request_195,1064.3500000000001,affordable_with_plan,installments,2026-01-09:405.74|2026-02-08:405.74|2026-03-10:405.74,2026-01-15,none,"Request 1,170.40 EUR; spendable balance after pending-debit reserve is 2,011.18 EUR. Conservative safe amount on request date is 1,064.35 EUR while keeping the required minimum of 700.00 EUR. An allowed installment option completes by 2026-03-10; total payable is 1,217.22 EUR. Priorities retained: emergency_savings, travel."
request_196,762.3,affordable_now,full_payment,2024-06-03:762.3,2024-06-03,none,"Request 762.30 EUR; spendable balance after pending-debit reserve is 1,575.65 EUR. Conservative safe amount on request date is 762.30 EUR while keeping the required minimum of 500.00 EUR. Full payment is safe now and the forecast stays above the minimum balance. Priorities retained: debt_repayment, emergency_savings."
request_197,0.0,not_affordable,not_recommended,none,,none,"Request 50,939,000.00 IDR; spendable balance after pending-debit reserve is 96,081,218.26 IDR. Conservative safe amount on request date is 0.00 IDR while keeping the required minimum of 26,245,900.00 IDR. No safe completion plan using the permitted payment methods is available. Priorities retained: education, debt_repayment."
request_198,185800.0,affordable_now,full_payment,2026-07-07:185800,2026-07-07,none,"Request 185,800.00 INR; spendable balance after pending-debit reserve is 386,390.00 INR. Conservative safe amount on request date is 185,800.00 INR while keeping the required minimum of 124,300.00 INR. Full payment is safe now and the forecast stays above the minimum balance. Priorities retained: healthcare, retirement_investment."
request_199,23674000.0,affordable_now,full_payment,2024-09-04:23674000,2024-09-04,none,"Request 23,674,000.00 IDR; spendable balance after pending-debit reserve is 136,691,818.94 IDR. Conservative safe amount on request date is 23,674,000.00 IDR while keeping the required minimum of 25,359,500.00 IDR. Full payment is safe now and the forecast stays above the minimum balance. Priorities retained: education, emergency_savings."
request_200,21717000.0,affordable_now,full_payment,2025-02-06:21717000,2025-02-06,none,"Request 21,717,000.00 IDR; spendable balance after pending-debit reserve is 52,871,550.00 IDR. Conservative safe amount on request date is 21,717,000.00 IDR while keeping the required minimum of 20,114,600.00 IDR. Full payment is safe now and the forecast stays above the minimum balance. Priorities retained: education, family_support."
request_201,23997000.0,affordable_now,full_payment,2026-04-03:23997000,2026-04-03,none,"Request 23,997,000.00 IDR; spendable balance after pending-debit reserve is 77,308,400.00 IDR. Conservative safe amount on request date is 23,997,000.00 IDR while keeping the required minimum of 17,304,500.00 IDR. Full payment is safe now and the forecast stays above the minimum balance. Priorities retained: retirement_investment, emergency_savings."
request_202,123900.0,affordable_now,full_payment,2024-12-05:123900,2024-12-05,none,"Request 123,900.00 INR; spendable balance after pending-debit reserve is 356,135.00 INR. Conservative safe amount on request date is 123,900.00 INR while keeping the required minimum of 147,800.00 INR. Full payment is safe now and the forecast stays above the minimum balance. Priorities retained: healthcare, family_support."
request_203,1442.1,affordable_now,full_payment,2025-05-07:1442.1,2025-05-07,none,"Request 1,442.10 EUR; spendable balance after pending-debit reserve is 8,230.38 EUR. Conservative safe amount on request date is 1,442.10 EUR while keeping the required minimum of 1,400.00 EUR. Full payment is safe now and the forecast stays above the minimum balance. Priorities retained: education, emergency_savings."
request_204,0.0,not_affordable,not_recommended,none,,none,"Request 588.74 EUR; spendable balance after pending-debit reserve is 2,626.28 EUR. Conservative safe amount on request date is 0.00 EUR while keeping the required minimum of 1,300.00 EUR. No safe completion plan using the permitted payment methods is available. Priorities retained: education, debt_repayment."
request_205,10621000.0,affordable_now,full_payment,2024-03-06:10621000,2024-03-06,none,"Request 10,621,000.00 IDR; spendable balance after pending-debit reserve is 31,462,900.00 IDR. Conservative safe amount on request date is 10,621,000.00 IDR while keeping the required minimum of 13,994,300.00 IDR. Full payment is safe now and the forecast stays above the minimum balance. Priorities retained: emergency_savings, housing."
request_206,1404.7,affordable_now,full_payment,2025-08-03:1404.7,2025-08-03,none,"Request 1,404.70 EUR; spendable balance after pending-debit reserve is 5,231.14 EUR. Conservative safe amount on request date is 1,404.70 EUR while keeping the required minimum of 900.00 EUR. Full payment is safe now and the forecast stays above the minimum balance. Priorities retained: retirement_investment, emergency_savings."
request_207,5400.549999999996,affordable_with_plan,full_payment,2026-07-15:11830,2026-07-15,stop:event_19033,"Request 11,830.00 ZAR; spendable balance after pending-debit reserve is 26,729.60 ZAR. Conservative safe amount on request date is 5,400.55 ZAR while keeping the required minimum of 13,600.00 ZAR. Full payment is made safe by permitted changes to flexible recurring spending. Spending changes: stop:event_19033. Priorities retained: healthcare, retirement_investment."
request_208,3015814.294999998,affordable_with_plan,full_payment,2024-06-15:4413000,2024-06-15,reduce_to:event_19180:274550,"Request 4,413,000.00 IDR; spendable balance after pending-debit reserve is 16,928,800.00 IDR. Conservative safe amount on request date is 3,015,814.29 IDR while keeping the required minimum of 10,470,700.00 IDR. Full payment is made safe by permitted changes to flexible recurring spending. Spending changes: reduce_to:event_19180:274550. Priorities retained: emergency_savings, housing."
request_209,2515.209999999999,affordable_later,wait,2026-03-15:56914,2026-03-15,none,"Request 56,914.00 ZAR; spendable balance after pending-debit reserve is 27,025.10 ZAR. Conservative safe amount on request date is 2,515.21 ZAR while keeping the required minimum of 18,400.00 ZAR. One full payment becomes safe on 2026-03-15. Priorities retained: education, family_support."
request_210,1115.1399999999999,affordable_with_plan,partial_payment,2026-04-06:1115.14|2026-04-15:244.88,2026-04-15,none,"Request 1,360.02 USD; spendable balance after pending-debit reserve is 3,379.52 USD. Conservative safe amount on request date is 1,115.14 USD while keeping the required minimum of 2,000.00 USD. A two-payment schedule is feasible within the requested deadline. Priorities retained: retirement_investment, emergency_savings."
request_211,265.14999999999986,affordable_with_plan,full_payment,2024-10-15:1788.6,2024-10-15,reduce_to:event_19369:27.5,"Request 1,788.60 EUR; spendable balance after pending-debit reserve is 2,727.89 EUR. Conservative safe amount on request date is 265.15 EUR while keeping the required minimum of 1,500.00 EUR. Full payment is made safe by permitted changes to flexible recurring spending. Spending changes: reduce_to:event_19369:27.5. Priorities retained: education, emergency_savings."
request_212,4214619.200000003,not_affordable,not_recommended,none,,none,"Request 71,934,000.00 IDR; spendable balance after pending-debit reserve is 51,923,800.00 IDR. Conservative safe amount on request date is 4,214,619.20 IDR while keeping the required minimum of 29,579,800.00 IDR. No safe completion plan using the permitted payment methods is available. Priorities retained: healthcare, family_support."
request_213,3362.4,affordable_now,full_payment,2026-01-07:3362.4,2026-01-07,none,"Request 3,362.40 USD; spendable balance after pending-debit reserve is 12,051.94 USD. Conservative safe amount on request date is 3,362.40 USD while keeping the required minimum of 2,100.00 USD. Full payment is safe now and the forecast stays above the minimum balance. Priorities retained: emergency_savings, travel."
request_214,65515.610000000015,affordable_with_plan,partial_payment,2024-12-04:65515.61|2024-12-15:4234.39,2024-12-15,none,"Request 69,750.00 INR; spendable balance after pending-debit reserve is 292,180.00 INR. Conservative safe amount on request date is 65,515.61 INR while keeping the required minimum of 174,900.00 INR. A two-payment schedule is feasible within the requested deadline. Priorities retained: emergency_savings, travel."
request_215,29986.0,affordable_now,full_payment,2025-05-06:29986,2025-05-06,none,"Request 29,986.00 ZAR; spendable balance after pending-debit reserve is 93,951.16 ZAR. Conservative safe amount on request date is 29,986.00 ZAR while keeping the required minimum of 15,700.00 ZAR. Full payment is safe now and the forecast stays above the minimum balance. Priorities retained: education, emergency_savings."
request_216,570.7300000000005,affordable_with_plan,full_payment,2026-09-15:3332.4,2026-09-15,stop:event_19898,"Request 3,332.40 USD; spendable balance after pending-debit reserve is 2,966.80 USD. Conservative safe amount on request date is 570.73 USD while keeping the required minimum of 1,800.00 USD. Full payment is made safe by permitted changes to flexible recurring spending. Spending changes: stop:event_19898. Priorities retained: healthcare, retirement_investment."
request_217,19532.655,affordable_with_plan,installments,2024-03-19:12889.07|2024-04-19:12889.07|2024-05-20:12889.07,2024-03-15,none,"Request 37,180.00 ZAR; spendable balance after pending-debit reserve is 58,401.97 ZAR. Conservative safe amount on request date is 19,532.65 ZAR while keeping the required minimum of 26,800.00 ZAR. An allowed installment option completes by 2024-05-20; total payable is 38,667.21 ZAR. Priorities retained: emergency_savings, housing."
request_218,26350974.21,affordable_with_plan,installments,2025-08-07:21195893.33|2025-09-04:21195893.33|2025-10-02:21195893.33,2025-09-15,none,"Request 61,142,000.00 IDR; spendable balance after pending-debit reserve is 72,419,614.80 IDR. Conservative safe amount on request date is 26,350,974.21 IDR while keeping the required minimum of 34,477,200.00 IDR. An allowed installment option completes by 2025-10-02; total payable is 63,587,679.99 IDR. Priorities retained: education, family_support."
request_219,0.0,not_affordable,not_recommended,none,,none,"Request 1,673.10 EUR; spendable balance after pending-debit reserve is 2,815.51 EUR. Conservative safe amount on request date is 0.00 EUR while keeping the required minimum of 1,100.00 EUR. No safe completion plan using the permitted payment methods is available. Priorities retained: retirement_investment, emergency_savings."
request_220,74.93499999999995,affordable_later,wait,2024-09-15:3118.5,2024-09-15,none,"Request 3,118.50 EUR; spendable balance after pending-debit reserve is 1,407.32 EUR. Conservative safe amount on request date is 74.93 EUR while keeping the required minimum of 1,100.00 EUR. One full payment becomes safe on 2024-09-15. Priorities retained: education, emergency_savings."
request_221,109800.0,affordable_now,full_payment,2025-11-03:109800,2025-11-03,none,"Request 109,800.00 INR; spendable balance after pending-debit reserve is 265,315.00 INR. Conservative safe amount on request date is 109,800.00 INR while keeping the required minimum of 81,500.00 INR. Full payment is safe now and the forecast stays above the minimum balance. Priorities retained: healthcare, family_support."
request_222,34078.0,affordable_now,full_payment,2026-01-05:34078,2026-01-05,none,"Request 34,078.00 ZAR; spendable balance after pending-debit reserve is 116,962.10 ZAR. Conservative safe amount on request date is 34,078.00 ZAR while keeping the required minimum of 27,300.00 ZAR. Full payment is safe now and the forecast stays above the minimum balance. Priorities retained: retirement_investment, emergency_savings."
request_223,898.7,affordable_now,full_payment,2024-09-07:898.7,2024-09-07,none,"Request 898.70 EUR; spendable balance after pending-debit reserve is 2,191.51 EUR. Conservative safe amount on request date is 898.70 EUR while keeping the required minimum of 800.00 EUR. Full payment is safe now and the forecast stays above the minimum balance. Priorities retained: debt_repayment, emergency_savings."
request_224,10077298.659999996,affordable_with_plan,partial_payment,2025-02-04:10077298.66|2025-02-15:249701.34,2025-02-15,none,"Request 10,327,000.00 IDR; spendable balance after pending-debit reserve is 49,969,400.00 IDR. Conservative safe amount on request date is 10,077,298.66 IDR while keeping the required minimum of 22,187,600.00 IDR. A two-payment schedule is feasible within the requested deadline. Priorities retained: education, debt_repayment."
request_225,9636373.345000003,affordable_with_plan,full_payment,2026-09-15:22059000,2026-09-15,reduce_to:event_20649:314450,"Request 22,059,000.00 IDR; spendable balance after pending-debit reserve is 35,791,159.60 IDR. Conservative safe amount on request date is 9,636,373.35 IDR while keeping the required minimum of 17,670,700.00 IDR. Full payment is made safe by permitted changes to flexible recurring spending. Spending changes: reduce_to:event_20649:314450. Priorities retained: emergency_savings, housing."
request_226,157000.0,affordable_now,full_payment,2024-12-03:157000,2024-12-03,none,"Request 157,000.00 INR; spendable balance after pending-debit reserve is 581,180.00 INR. Conservative safe amount on request date is 157,000.00 INR while keeping the required minimum of 209,400.00 INR. Full payment is safe now and the forecast stays above the minimum balance. Priorities retained: emergency_savings, housing."
request_227,11039.819999999992,affordable_later,wait,2025-09-15:259700,2025-09-15,none,"Request 259,700.00 INR; spendable balance after pending-debit reserve is 105,655.00 INR. Conservative safe amount on request date is 11,039.82 INR while keeping the required minimum of 62,900.00 INR. One full payment becomes safe on 2025-09-15. Priorities retained: education, family_support."
request_228,0.0,not_affordable,not_recommended,none,,none,"Request 63,327,000.00 IDR; spendable balance after pending-debit reserve is 36,748,550.00 IDR. Conservative safe amount on request date is 0.00 IDR while keeping the required minimum of 26,191,200.00 IDR. No safe completion plan using the permitted payment methods is available. Priorities retained: education, debt_repayment."
request_229,443.0200000000002,affordable_with_plan,full_payment,2024-05-15:1526.8,2024-05-15,stop:event_21032,"Request 1,526.80 EUR; spendable balance after pending-debit reserve is 1,800.52 EUR. Conservative safe amount on request date is 443.02 EUR while keeping the required minimum of 1,000.00 EUR. Full payment is made safe by permitted changes to flexible recurring spending. Spending changes: stop:event_21032. Priorities retained: education, emergency_savings."
request_230,3537.6,affordable_now,full_payment,2025-08-06:3537.6,2025-08-06,none,"Request 3,537.60 EUR; spendable balance after pending-debit reserve is 8,676.76 EUR. Conservative safe amount on request date is 3,537.60 EUR while keeping the required minimum of 2,000.00 EUR. Full payment is safe now and the forecast stays above the minimum balance. Priorities retained: healthcare, family_support."
request_231,35706.0,affordable_now,full_payment,2026-01-03:35706,2026-01-03,none,"Request 35,706.00 ZAR; spendable balance after pending-debit reserve is 84,590.59 ZAR. Conservative safe amount on request date is 35,706.00 ZAR while keeping the required minimum of 24,300.00 ZAR. Full payment is safe now and the forecast stays above the minimum balance. Priorities retained: emergency_savings, travel."
request_232,0.0,not_affordable,not_recommended,none,,none,"Request 1,970.10 EUR; spendable balance after pending-debit reserve is 4,269.40 EUR. Conservative safe amount on request date is 0.00 EUR while keeping the required minimum of 2,400.00 EUR. No safe completion plan using the permitted payment methods is available. Priorities retained: education, debt_repayment."
request_233,0.0,not_affordable,not_recommended,none,,none,"Request 6,241,000.00 IDR; spendable balance after pending-debit reserve is 19,341,300.00 IDR. Conservative safe amount on request date is 0.00 IDR while keeping the required minimum of 10,365,700.00 IDR. No safe completion plan using the permitted payment methods is available. Priorities retained: education, debt_repayment."
request_234,220.35000000000002,affordable_with_plan,full_payment,2026-08-15:1213.3,2026-08-15,stop:event_21536,"Request 1,213.30 EUR; spendable balance after pending-debit reserve is 1,228.60 EUR. Conservative safe amount on request date is 220.35 EUR while keeping the required minimum of 700.00 EUR. Full payment is made safe by permitted changes to flexible recurring spending. Spending changes: stop:event_21536. Priorities retained: healthcare, retirement_investment."
request_235,967.2,affordable_now,full_payment,2024-09-06:967.2,2024-09-06,none,"Request 967.20 USD; spendable balance after pending-debit reserve is 2,086.28 USD. Conservative safe amount on request date is 967.20 USD while keeping the required minimum of 700.00 USD. Full payment is safe now and the forecast stays above the minimum balance. Priorities retained: emergency_savings, travel."
request_236,6757733.840000004,affordable_later,wait,2025-05-15:52383000,2025-05-15,none,"Request 52,383,000.00 IDR; spendable balance after pending-debit reserve is 31,173,450.00 IDR. Conservative safe amount on request date is 6,757,733.84 IDR while keeping the required minimum of 16,768,600.00 IDR. One full payment becomes safe on 2025-05-15. Priorities retained: education, family_support."
request_237,23826000.0,affordable_now,full_payment,2026-04-05:23826000,2026-04-05,none,"Request 23,826,000.00 IDR; spendable balance after pending-debit reserve is 100,824,550.00 IDR. Conservative safe amount on request date is 23,826,000.00 IDR while keeping the required minimum of 22,431,500.00 IDR. Full payment is safe now and the forecast stays above the minimum balance. Priorities retained: retirement_investment, emergency_savings."
request_238,663.6,affordable_now,full_payment,2024-12-07:663.6,2024-12-07,none,"Request 663.60 USD; spendable balance after pending-debit reserve is 1,882.07 USD. Conservative safe amount on request date is 663.60 USD while keeping the required minimum of 700.00 USD. Full payment is safe now and the forecast stays above the minimum balance. Priorities retained: education, emergency_savings."
request_239,0.0,not_affordable,not_recommended,none,,none,"Request 642.00 USD; spendable balance after pending-debit reserve is 1,988.90 USD. Conservative safe amount on request date is 0.00 USD while keeping the required minimum of 600.00 USD. No safe completion plan using the permitted payment methods is available. Priorities retained: healthcare, family_support."
request_240,0.0,not_affordable,not_recommended,none,,none,"Request 101,200.00 INR; spendable balance after pending-debit reserve is 90,200.00 INR. Conservative safe amount on request date is 0.00 INR while keeping the required minimum of 52,800.00 INR. No safe completion plan using the permitted payment methods is available. Priorities retained: education, debt_repayment."
request_241,21052000.0,affordable_now,full_payment,2024-03-03:21052000,2024-03-03,none,"Request 21,052,000.00 IDR; spendable balance after pending-debit reserve is 88,633,322.14 IDR. Conservative safe amount on request date is 21,052,000.00 IDR while keeping the required minimum of 19,252,000.00 IDR. Full payment is safe now and the forecast stays above the minimum balance. Priorities retained: debt_repayment, emergency_savings."
request_242,0.0,not_affordable,not_recommended,none,,none,"Request 1,966.80 EUR; spendable balance after pending-debit reserve is 969.40 EUR. Conservative safe amount on request date is 0.00 EUR while keeping the required minimum of 600.00 EUR. No safe completion plan using the permitted payment methods is available. Priorities retained: education, debt_repayment."
request_243,17468.0,affordable_now,full_payment,2026-07-07:17468,2026-07-07,none,"Request 17,468.00 ZAR; spendable balance after pending-debit reserve is 46,399.00 ZAR. Conservative safe amount on request date is 17,468.00 ZAR while keeping the required minimum of 19,900.00 ZAR. Full payment is safe now and the forecast stays above the minimum balance. Priorities retained: healthcare, retirement_investment."
request_244,0.0,not_affordable,not_recommended,none,,none,"Request 49,918.00 ZAR; spendable balance after pending-debit reserve is 126,279.20 ZAR. Conservative safe amount on request date is 0.00 ZAR while keeping the required minimum of 45,900.00 ZAR. No safe completion plan using the permitted payment methods is available. Priorities retained: education, debt_repayment."
request_245,32377.13000000002,affordable_with_plan,full_payment,2025-12-15:128500,2025-12-15,reduce_to:event_22583:2075,"Request 128,500.00 INR; spendable balance after pending-debit reserve is 160,360.00 INR. Conservative safe amount on request date is 32,377.13 INR while keeping the required minimum of 94,600.00 INR. Full payment is made safe by permitted changes to flexible recurring spending. Spending changes: reduce_to:event_22583:2075. Priorities retained: emergency_savings, travel."
request_246,64086.0,affordable_now,full_payment,2026-04-03:64086,2026-04-03,none,"Request 64,086.00 ZAR; spendable balance after pending-debit reserve is 201,692.06 ZAR. Conservative safe amount on request date is 64,086.00 ZAR while keeping the required minimum of 39,300.00 ZAR. Full payment is safe now and the forecast stays above the minimum balance. Priorities retained: retirement_investment, emergency_savings."
request_247,1059.3,affordable_now,full_payment,2024-09-05:1059.3,2024-09-05,none,"Request 1,059.30 EUR; spendable balance after pending-debit reserve is 2,819.20 EUR. Conservative safe amount on request date is 1,059.30 EUR while keeping the required minimum of 1,300.00 EUR. Full payment is safe now and the forecast stays above the minimum balance. Priorities retained: education, emergency_savings."
request_248,0.0,not_affordable,not_recommended,none,,none,"Request 1,965.60 USD; spendable balance after pending-debit reserve is 2,807.36 USD. Conservative safe amount on request date is 0.00 USD while keeping the required minimum of 1,300.00 USD. No safe completion plan using the permitted payment methods is available. Priorities retained: healthcare, family_support."
request_249,179.64,affordable_with_plan,full_payment,2026-02-15:643.2,2026-02-15,stop:event_22873,"Request 643.20 USD; spendable balance after pending-debit reserve is 942.40 USD. Conservative safe amount on request date is 179.64 USD while keeping the required minimum of 600.00 USD. Full payment is made safe by permitted changes to flexible recurring spending. Spending changes: stop:event_22873. Priorities retained: emergency_savings, travel."
request_250,15480.520000000004,affordable_later,wait,2025-04-15:124278,2025-04-15,none,"Request 124,278.00 ZAR; spendable balance after pending-debit reserve is 64,120.00 ZAR. Conservative safe amount on request date is 15,480.52 ZAR while keeping the required minimum of 35,300.00 ZAR. One full payment becomes safe on 2025-04-15. Priorities retained: debt_repayment, emergency_savings."
request_251,1513.6,affordable_now,full_payment,2025-05-03:1513.6,2025-05-03,none,"Request 1,513.60 EUR; spendable balance after pending-debit reserve is 4,648.55 EUR. Conservative safe amount on request date is 1,513.60 EUR while keeping the required minimum of 1,300.00 EUR. Full payment is safe now and the forecast stays above the minimum balance. Priorities retained: education, emergency_savings."
request_252,4714997.3999999985,affordable_with_plan,full_payment,2026-08-15:28082000,2026-08-15,stop:event_23156,"Request 28,082,000.00 IDR; spendable balance after pending-debit reserve is 24,262,700.00 IDR. Conservative safe amount on request date is 4,714,997.40 IDR while keeping the required minimum of 15,152,200.00 IDR. Full payment is made safe by permitted changes to flexible recurring spending. Spending changes: stop:event_23156. Priorities retained: healthcare, retirement_investment."
request_253,1371.5699999999997,affordable_with_plan,full_payment,2024-05-15:2840.2,2024-05-15,reduce_to:event_23305:45.5,"Request 2,840.20 EUR; spendable balance after pending-debit reserve is 4,635.57 EUR. Conservative safe amount on request date is 1,371.57 EUR while keeping the required minimum of 2,300.00 EUR. Full payment is made safe by permitted changes to flexible recurring spending. Spending changes: reduce_to:event_23305:45.5. Priorities retained: emergency_savings, housing."
request_254,761.9700000000003,affordable_with_plan,full_payment,2025-09-15:3535.2,2025-09-15,stop:event_23348,"Request 3,535.20 USD; spendable balance after pending-debit reserve is 4,259.60 USD. Conservative safe amount on request date is 761.97 USD while keeping the required minimum of 2,500.00 USD. Full payment is made safe by permitted changes to flexible recurring spending. Spending changes: stop:event_23348. Priorities retained: education, family_support."
request_255,3345000.0,affordable_now,full_payment,2026-04-06:3345000,2026-04-06,none,"Request 3,345,000.00 IDR; spendable balance after pending-debit reserve is 38,518,150.00 IDR. Conservative safe amount on request date is 3,345,000.00 IDR while keeping the required minimum of 9,813,900.00 IDR. Full payment is safe now and the forecast stays above the minimum balance. Priorities retained: retirement_investment, emergency_savings."
request_256,0.0,not_affordable,not_recommended,none,,none,"Request 218,700.00 INR; spendable balance after pending-debit reserve is 394,983.28 INR. Conservative safe amount on request date is 0.00 INR while keeping the required minimum of 168,600.00 INR. No safe completion plan using the permitted payment methods is available. Priorities retained: education, debt_repayment."
request_257,487.86999999999944,affordable_with_plan,full_payment,2025-12-15:1352.4,2025-12-15,stop:event_23590,"Request 1,352.40 USD; spendable balance after pending-debit reserve is 2,685.20 USD. Conservative safe amount on request date is 487.87 USD while keeping the required minimum of 1,600.00 USD. Full payment is made safe by permitted changes to flexible recurring spending. Spending changes: stop:event_23590. Priorities retained: emergency_savings, travel."
request_258,1113.6,affordable_now,full_payment,2026-01-07:1113.6,2026-01-07,none,"Request 1,113.60 USD; spendable balance after pending-debit reserve is 2,603.68 USD. Conservative safe amount on request date is 1,113.60 USD while keeping the required minimum of 500.00 USD. Full payment is safe now and the forecast stays above the minimum balance. Priorities retained: emergency_savings, travel."
request_259,253.90999999999985,affordable_with_plan,full_payment,2024-10-15:935,2024-10-15,stop:event_23823,"Request 935.00 EUR; spendable balance after pending-debit reserve is 1,269.30 EUR. Conservative safe amount on request date is 253.91 EUR while keeping the required minimum of 600.00 EUR. Full payment is made safe by permitted changes to flexible recurring spending. Spending changes: stop:event_23823. Priorities retained: debt_repayment, emergency_savings."
request_260,8717458.195,affordable_with_plan,full_payment,2025-04-15:52079000,2025-04-15,reduce_to:event_23978:589000|reduce_to:event_23896:325850|reduce_to:event_23895:478040,"Request 52,079,000.00 IDR; spendable balance after pending-debit reserve is 34,250,000.00 IDR. Conservative safe amount on request date is 8,717,458.20 IDR while keeping the required minimum of 20,727,700.00 IDR. Full payment is made safe by permitted changes to flexible recurring spending. Spending changes: reduce_to:event_23978:589000|reduce_to:event_23896:325850|reduce_to:event_23895:478040. Priorities retained: emergency_savings, travel."
request_261,1830.4,affordable_now,full_payment,2026-07-03:1830.4,2026-07-03,none,"Request 1,830.40 EUR; spendable balance after pending-debit reserve is 4,629.96 EUR. Conservative safe amount on request date is 1,830.40 EUR while keeping the required minimum of 1,500.00 EUR. Full payment is safe now and the forecast stays above the minimum balance. Priorities retained: healthcare, retirement_investment."
request_262,9236000.0,affordable_now,full_payment,2024-12-05:9236000,2024-12-05,none,"Request 9,236,000.00 IDR; spendable balance after pending-debit reserve is 85,464,900.00 IDR. Conservative safe amount on request date is 9,236,000.00 IDR while keeping the required minimum of 31,018,500.00 IDR. Full payment is safe now and the forecast stays above the minimum balance. Priorities retained: emergency_savings, housing."
request_263,8518.66,affordable_later,wait,2025-08-15:51546,2025-08-15,none,"Request 51,546.00 ZAR; spendable balance after pending-debit reserve is 37,850.00 ZAR. Conservative safe amount on request date is 8,518.66 ZAR while keeping the required minimum of 24,100.00 ZAR. One full payment becomes safe on 2025-08-15. Priorities retained: emergency_savings, travel."
request_264,27291.459999999992,affordable_with_plan,full_payment,2026-05-15:111300,2026-05-15,stop:event_24312,"Request 111,300.00 INR; spendable balance after pending-debit reserve is 104,375.00 INR. Conservative safe amount on request date is 27,291.46 INR while keeping the required minimum of 59,500.00 INR. Full payment is made safe by permitted changes to flexible recurring spending. Spending changes: stop:event_24312. Priorities retained: retirement_investment, emergency_savings."
request_265,45970.0,affordable_now,full_payment,2024-03-06:45970,2024-03-06,none,"Request 45,970.00 INR; spendable balance after pending-debit reserve is 786,105.00 INR. Conservative safe amount on request date is 45,970.00 INR while keeping the required minimum of 189,700.00 INR. Full payment is safe now and the forecast stays above the minimum balance. Priorities retained: education, emergency_savings."
request_266,773.8250000000003,affordable_with_plan,installments,2025-08-03:324.13|2025-08-31:324.13|2025-09-28:324.13,2025-09-15,none,"Request 935.00 EUR; spendable balance after pending-debit reserve is 2,354.92 EUR. Conservative safe amount on request date is 773.83 EUR while keeping the required minimum of 900.00 EUR. An allowed installment option completes by 2025-09-28; total payable is 972.39 EUR. Priorities retained: healthcare, family_support."
request_267,1801.205,affordable_with_plan,installments,2026-01-08:667.33|2026-02-07:667.33|2026-03-09:667.33,2026-01-15,none,"Request 1,925.00 EUR; spendable balance after pending-debit reserve is 3,648.98 EUR. Conservative safe amount on request date is 1,801.20 EUR while keeping the required minimum of 1,500.00 EUR. An allowed installment option completes by 2026-03-09; total payable is 2,001.99 EUR. Priorities retained: emergency_savings, travel."
request_268,1046.9099999999999,affordable_with_plan,installments,2024-06-14:841.22|2024-07-15:841.22|2024-08-15:841.22,2024-07-15,none,"Request 2,426.60 EUR; spendable balance after pending-debit reserve is 2,912.52 EUR. Conservative safe amount on request date is 1,046.91 EUR while keeping the required minimum of 1,400.00 EUR. An allowed installment option completes by 2024-08-15; total payable is 2,523.66 EUR. Priorities retained: debt_repayment, emergency_savings."
request_269,0.0,not_affordable,not_recommended,none,,none,"Request 15,490.00 ZAR; spendable balance after pending-debit reserve is 45,307.90 ZAR. Conservative safe amount on request date is 0.00 ZAR while keeping the required minimum of 23,100.00 ZAR. No safe completion plan using the permitted payment methods is available. Priorities retained: education, debt_repayment."
request_270,242.76999999999998,affordable_with_plan,full_payment,2026-08-10:3028.8,2026-08-10,reduce_to:event_24890:22,"Request 3,028.80 USD; spendable balance after pending-debit reserve is 1,935.40 USD. Conservative safe amount on request date is 242.77 USD while keeping the required minimum of 1,400.00 USD. Full payment is made safe by permitted changes to flexible recurring spending. Spending changes: reduce_to:event_24890:22. Priorities retained: healthcare, retirement_investment."
request_271,7148.760000000017,affordable_later,wait,2025-03-20:91300,2025-03-20,none,"Request 91,300.00 INR; spendable balance after pending-debit reserve is 142,960.00 INR. Conservative safe amount on request date is 7,148.76 INR while keeping the required minimum of 58,200.00 INR. One full payment becomes safe on 2025-03-20. Priorities retained: emergency_savings, housing."
request_272,5871034.749999998,affordable_with_plan,installments,2025-02-12:4709466.67|2025-03-12:4709466.67|2025-04-09:4709466.67,2025-02-15,none,"Request 13,585,000.00 IDR; spendable balance after pending-debit reserve is 16,324,524.00 IDR. Conservative safe amount on request date is 5,871,034.75 IDR while keeping the required minimum of 7,508,600.00 IDR. An allowed installment option completes by 2025-04-09; total payable is 14,128,400.01 IDR. Priorities retained: education, family_support."
request_273,10764260.96,affordable_with_plan,partial_payment,2026-04-07:10764260.96|2026-04-15:5096739.04,2026-04-15,none,"Request 15,861,000.00 IDR; spendable balance after pending-debit reserve is 32,146,800.00 IDR. Conservative safe amount on request date is 10,764,260.96 IDR while keeping the required minimum of 18,774,600.00 IDR. A two-payment schedule is feasible within the requested deadline. Priorities retained: retirement_investment, emergency_savings."
request_274,2411.3600000000006,affordable_with_plan,installments,2024-12-04:940.75|2025-01-04:940.75|2025-02-04:940.75,2024-12-15,none,"Request 2,713.70 EUR; spendable balance after pending-debit reserve is 4,847.31 EUR. Conservative safe amount on request date is 2,411.36 EUR while keeping the required minimum of 1,800.00 EUR. An allowed installment option completes by 2025-02-04; total payable is 2,822.25 EUR. Priorities retained: emergency_savings, travel."
request_275,15884000.0,affordable_now,full_payment,2025-05-06:15884000,2025-05-06,none,"Request 15,884,000.00 IDR; spendable balance after pending-debit reserve is 37,206,450.00 IDR. Conservative safe amount on request date is 15,884,000.00 IDR while keeping the required minimum of 12,760,100.00 IDR. Full payment is safe now and the forecast stays above the minimum balance. Priorities retained: healthcare, family_support."
